title,artist,id
Talking To The Moon,Bruno Mars,5vUnjhBzRJJIAOJPde6zDx
It Just Doesn’T Matter,Mac Miller,5nRjLx0FfqNyYabAEZHSaw
Mop,Gunna,0JZUiKHoEDpsLvXfeqbZxV
King Vamp,Playboi Carti,6JoRUhFFewHMf0R6AAZorn
Need Me,J.I The Prince Of N.Y,7KFaMe479G4CSER4kU5jrf
Tragic,The Kid Laroi,5dwoip9nmS37n9jV65lAki
The World'S First Ever Monster Truck Front Flip,Arctic Monkeys,1bYg42gARlsX4iKQPDYs7l
Years Go By,Bryson Tiller,4yw3DrnCqMO5ucqvfCZcxT
Out My Way,Juice Wrld,5yupUdsRO0xuKR7aGs0elv
I'M Tired,Labrinth,33THwcxqpIsFS8mNusP5Y7
Betty,Taylor Swift,0x3CUvkL4jUPYVONrYUubR
Don'T Do Me Like That,Tom Petty And The Heartbreakers,0P5dtLtiiaXbuEe6dUMlH1
Be My Mistake,The 1975,4KFXyjSCge9UpOvyf0ETH6
Wait (Featuring Offset & Vory),Chantel Jeffries,7Fdw5PCKFHkHJAhhDIj0qA
Boomtrap Protocol,Logic,3GnKQbsTncWdliHNgqg0Av
By Your Side,Jonas Blue,3ryJYKWSLU6OdVZ2e7ObqW
30 Hours,Kanye West,0v1fyQIaCG4e3TwCO3F0VZ
Blame,Bastille,1oxOiOjsi7plNOZEhoPLPj
Social Distancing,Lil Baby,4L8SgjYQ9IqwxL9b3moaTK
Jerry Sprunger,Tory Lanez,42EWlWPab7ronmotBC0LtJ
Believe,Eminem,5M4wOePejVrKVPJ5NZF3U4
Inside,Logic,41PhHl3FLzd8q4qboB1eWf
Testify,Future,7kacYLL6g1KKUWhqqSf7VF
My Hair,Ariana Grande,6STFK268EWdTPZeRNlAs1n
Conqueror,Empire Cast,0VcRFRoWqQfXDjFNO6LBJO
T R A N S P A R E N T S O U L Feat. Travis Barker,Willow,4cPNBuSkwOIwyQDMiHf22J
Lo/Hi,The Black Keys,7fUC5ML18aWQpU88jSofQu
Solo De Mi,Bad Bunny,0HV1yvDd3Z5z3lV6mXWXW2
Walk Me Home,Said The Sky,7DHApOHsIFo7EyfieArYGE
Memories,Maroon 5,0r7CVbZTWZgbTCYdfa2P31
Stuck With Me,Timeflies,0CXOYEN8m6MuyVY0F1vJTb
You Just Want My Money,Jason French,16PzFdFCDDuYwGveT1OD0S
So What,Bts,1ry2mTVmAJHbNLzl5qww5v
Christmas Eve,Justin Bieber,292Pu3mzFII48Y42LDUOQN
Cornelia Street,Taylor Swift,4rnDozS1QYWg75rHgbRizC
Guatemala,Rae Sremmurd,46YJTgnN02ATLwBGZxEV2H
Father Stretch My Hands Pt. 1,Kanye West,7lZvsvuFzTsGRVq4jA4I7S
She Don'T Love Me,Zayn,1B17jo7XD3lJ9AtrdE9kUd
Into It,Camila Cabello,6cEYrk6uKPT9a0XOYyHZBR
Slide Around,Chance The Rapper,5wdfChkiHiXQZkE5TcUClw
Another Love,Tom Odell,4KlL5Bwlm4yHYxr0B2rHci
Hopeless Opus,Imagine Dragons,2QKUYjiHrty11WHAcxNlH1
Forever,Haim,6jNjthiaI33YJq9xq0nwP7
Jobs,City Girls,0RRm4OS5ymfZryXBuj0G2m
On Me,Thomas Rhett,3IyVM3errxpkl61m4pmbwz
Reckless Intro,Nav,6XMzF60xSPJBTy3E3Yripk
I Bet You Think About Me,Taylor Swift,20lNo44eUUCnyNNInzwkv9
Moonwalking In Calabasas,Ddg,3FigWC4Kgj0YB1tc6WMwJL
The Plan,Travis Scott,4Jgt0PEIv2b7hMHoCHPLbQ
Gangsta'S Paradise,Coolio,6Cm7r5U5igaAnwKOWjFhTq
Llc,Nicki Minaj,3tCgn1QGWOZN5eE0XuVdrf
Want Some More,Nicki Minaj,3DvA319yj2me8BkuJMtfL3
Soulmate,Lizzo,7pFRhCj70NUNZG4xMDEQj8
Thought It Was,Iann Dior,2MAizO4FEzoB7BzFCdshkE
182  Teenage Satellites,Blink,6xpDh0dXrkVp0Po1qrHUd8
You Can Call Me Al,Paul Simon,3cP5bYsuE6nWZ9Rby1Msds
Christmas Time Is Here,Brett Eldredge,3un2KQUaQ2brEpd8dK93wI
Me And Your Mama,Childish Gambino,12Us8e6NFesdkXKf4StU1I
Make Em Say,Nle Choppa,7ezboaARv4FY1k0WFoINWC
Drugs,August Alsina,6T3CVAp8l7hRiwO9t51ajI
Never Change,Nav,0rIrIUpcd1FFRSEwQGk1Cs
A.M. Radio,The Lumineers,5MMZJtHOiH1RmQSSe3DJdg
Ride Out,Kid Ink,4ydhY520tKX7dVz2QPDtG1
Realize,2 Chainz,1nX9KhK3Fff27SnrIor2Yb
The Greatest,Lana Del Rey,6BFnRhvKCclDQOajt8dBGi
Buy Me A Boat,Chris Janson,2hwDwzXhV0ox1qrawRMJht
Intoxicated,Martin Solveig,72imMIOr6tAX7zs3ZF64me
Beasty,A Boogie Wit Da Hoodie,5uZm7EFtP5aoTJvx5gv9Xf
Shockwave,Marshmello,1mTArHiPaBuFgxL4GvMn5F
Ghost Town,Adam Lambert,0PKAijroHpnEtdY20bkGdr
Paper Planes,M.I.A.,1hCD7X2223N2Jt4MzKIe3C
Foldin Clothes,J. Cole,4snZHWjpuIlkUkjb7jAVtc
Put Your Records On,Ritt Momney,4Hwh4irmxbL1BUEzWbMwfD
Sun Daze,Florida Georgia Line,2qafbUnfNfE0CvAsA1xrYx
I Don’T Wanna Break Up,Future,2gHoZCVHSlXvW8i1KRvJvy
Young God,Halsey,5k5qgiNAE1182lTHFO24X5
Homecoming Queen?,Kelsea Ballerini,4l88CHVNHcZPej7aHPGYr4
The City,Louis The Child,4RVrxCfTWV5ti3uNj4HQhJ
Christmas Is Coming,Vince Guaraldi Trio,7aEjsTKJKspp01vkeVgeRr
Amazing Grace,Dababy,0tXaXcuDbaX0Jhzns45Gx5
I'M Scared,Young Thug,01Qf0YXl3Ru2R98N16ir1X
Me Too,Meghan Trainor,0QHEIqNKsMoOY5urbzN48u
Not For Long,B.O.B,3WibbMr6canxRJXhNtAvLU
Ace Of Spades,Motörhead,1T45V6RDj1vTLFY6Cw4tNf
Ship To Wreck,Florence + The Machine,4e1MMJ3moEKXALH8JSfKP2
Knock Knock,Sofaygo,0uzYgihulBeLAP1EvvJEr7
Long Gone,Juice Wrld,5DLZNdFMmcvdW6mH6Bjug5
More Than My Hometown,Morgan Wallen,5pvtbVMatboYksQ0xmPmdp
Christmas Time Is Here  Vocal  Album Version,Vince Guaraldi Trio,69hH2X1SjculOZEOahrWQQ
Kid That Kidd,Trippie Redd,2c3qwFINQyRGwyqI97UQiA
Egirls Are Ruining My Life!,Corpse,3qdRwIwWa5nVZnNp43uYrx
Say Na,Moneybagg Yo,30vAfL9Wyu2fu07vdbZ1Xt
Suicide,Polo G,2QqJTIlGKRLJC3onkavYEz
A Letter To My Younger Self Feat. Logic,Quinn Xcii,4DdXOLc1VMAY34ourCn1Xa
Nobody'S Love,Maroon 5,0Y4nGI6cNTIFdoESvAc0Zc
Rgf Island,Fetty Wap,2d8JP84HNLKhmd6IYOoupQ
T'D Up,Rae Sremmurd,6mXZ7OOkbpxApfGCdJsfQ1
No Es Justo,J Balvin,7BR3FzZkHMxAR3RmNMtKNE
See You Space Cowboy...,Logic,6K53GM9W6Vle5KBwGFVnZM
5 Foot 9,Tyler Hubbard,0gCBXye6loZmGsf3qZxxnA
Once In A Lifetime,Flo Rida,2Qjkvp4GLlL60lFXtEte0X
Can'T Be Broken,Lil Wayne,4D2cYdHqk8tu65jUig4OcN
Privileged Rappers,Drake,7GbGZ5pSvAKaKxq0W8ubnh
Scholarships,Drake,6HfOzLLjsaXsehIFEsrxTk
In Your Eyes,The Weeknd,1SySkCqhEG6Z68o2n07Bsr
Problematic,Bo Burnham,7B83mZRwgPbUpegCeXrqRa
Rackz Got Më,Yeat,6KjlFQrTUEctZSUSjHQ60v
Thunder,Imagine Dragons,7ER7vcy7u2ajg5IV45WBFw
Daddy Lessons,Beyoncé,0lCf7sZrGyEAKrfA1AXG11
Bad Liar,Selena Gomez,3iE8MbcFKotSFQngT2SS63
Have Some Love,Childish Gambino,7wNg5mNGdmAXjmYfyNmITn
Maroon,Taylor Swift,3n1b2WF6pg7DRge2ETZ03X
Plastic Off The Sofa,Beyoncé,0ah6qyhi2jlBP6D7JLxZrt
Difference (Interlude),Xxxtentacion,3ee8Jmje8o58CHK66QrVC2
Banana Split,Murda Beatz,4WeEgNcHs60bGp2y5aiDLB
Carry Me,Kygo,7vHshinTU8161w69EPbabY
Slide,French Montana,2fg9K4yOSJDtjqkU07sqZx
Grieving,Kehlani,5nexAvWNhwg51EavnDgViy
Mickey,Lil Yachty,1sxGIhaxY8eF52e1TlShSP
Hollywood,Gorillaz,4Hff1IjRbLGeLgFgxvHflk
Moving On And Getting Over,John Mayer,3Jl6WHQ5cXbSM1yZXay6XN
The Gambler,Kenny Rogers,5ggOAMsJCAYDHnyoqJ0xAD
Celebration,Logic,1T5Pc8IteZueNmxGSKSxOc
Intro: Serendipity,Bts,3B2ZNozl6e0gtRLMwJU3b5
Runaway (U & I),Galantis,5HYwRSalrvZC7ZTT8BuDR7
Blow Your Mind (Mwah),Dua Lipa,6oVGIxnuwcwZspPEYk2Yb3
Cairo,Karol G,5lGvHi6MWq1HaIzztyWd05
Deep Pockets,Drake,1H57qidnzuzMonoZFlIish
Time Kills (Love Birds),Rod Wave,1NccYgLUWgxpUr3sUiXpBV
Boss,The Carters,7szhY56rkD20Ai9AxJaicE
Antidote,Travis Scott,6u4etckb1fUJK9xp20xSjd
I Bet,Ciara,7uKcScNXuO3MWw6LowBjW1
Bang!,Ajr,6LI9b5yXG0sNivgqIROxZN
Don'T Stop Me Now  Remastered,Queen,5YS3QDraH2wWk9mx8Ec04l
All Eyez,The Game,5akHiG9XwYI7zoAidnnbPf
Ghost Town,Kanye West,4QSUJTIteKNE0w4Ex98MSb
Started From,Lil Durk,7FRkzDzvNJZKUivOTyAmdp
A2Z,Logic,0Lw6aQcBFWTQ9m4MSwwwes
8Teen,Khalid,06GcodDliPWAYFX2LSFLIu
Wellerman,The Longest Johns,54OBgO0Xwu20Jak9TMXbR7
Spit In My Face!,Thxsomch,5WH6dr7k5GYnqBe3kNsO4q
Top Sound,Youngboy Never Broke Again,0HrWshW3SuFJ6nKS9ba9Mh
Brown Skin Girl,Beyoncé,3Mz4AoWIedMfzCib1LYwMZ
Learn To Fly,Surfaces,0zn9VdTl2Bx9H7YsmtMuwt
Moon Rock,Huncho Jack,27vvSxP8DaxopDHvqOQWkd
You'Ll Understand When You'Re Older,Lovejoy,4eX4JWGf9lClhqiRRKKK9K
Servin Killa Kam,Future,5JBdpVyLHcDATVDf0mVLAs
Karate,Wiz Khalifa,4C8s4lwoT3hFGOSCs0E6hn
Undefeated,Future,3Mgx1lTDfVeJnfuNPfuclm
Bad Boy,Juice Wrld,5GKwq4sO5ZHKuWaDmdwMQc
The Heart Part 4,Kendrick Lamar,5jRM7d5Gyr6qhlJ13rJPOn
Breathe,Lil Skies,3ZhTT6yjZwpPph5MIJ53XY
Most Of Us,Wiz Khalifa,1iLwb21zgVG3BTXpkOTTMS
Idols Become Rivals,Rick Ross,1rX5L6pyl3rVWb55D8Cprr
Have Mercy,Chlöe,0GwYkXgQdqY4dyRffHw3HT
Don'T Wanna Know,Bo Burnham,2yHYcKhGH9n2duOnOeUHL3
Before The Day Is Over,Joji,7wvwXi9Z66dcH5t202vVkN
Eazy  Running Wild (Tumblr Girls 2),G,2P5j29aI6ksIhbJNfLyHJE
Supermodel,Sza,6DpopTBBL4l2raUYXp4SHI
Timeless Interlude,Bryson Tiller,4YEKWURqSbpjfRBQE9CTty
By Design,Kid Cudi,30KctD1WsHKTIYczXjip5a
Inspire Me,Big Sean,67W5fd1ld7dqHNCfaQu52I
Save That Shit,Lil Peep,20QsjZcPfLlW9OidT7RphJ
The Good Ones,Gabby Barrett,1OUWZdLwNrugngULii8nsE
Arcoíris,J Balvin,21igXlN4PFHS04K8uAnrpo
Switches & Dracs,Moneybagg Yo,4x0LFc1zxEv1pAz0X4v5mX
Heat,Eminem,1GBmQKcza0uFT6g5HjXHcp
Arms Around You,Xxxtentacion,2YlR7Qx0u1GCY1sr0nNNmb
Way Out,Jack Harlow,6lTxQjL5cscnchTD4YiDRT
Offended,Eminem,0SMpAbwLauaXOA3A0e4uUb
Coney Island,Taylor Swift,4tyX1rw9X309WkEdh2As4B
Luv,Tory Lanez,5SeX6wQeUsYKNnuQno9slB
Tony Tone,A$Ap Rocky,4cRR2gUTOerkUOW5iZpm91
Flatliner,Cole Swindell,200x8ONbPfFzByUr3fVz46
Love You Goodbye,One Direction,39YEvNIhqijkq5hbFIGshp
Space Time,Trippie Redd,3gauWyhhIKYnKdhROrTRcc
734,Juice Wrld,4K06PO78fW4mnBVenxGNob
"Signed, Sealed, Delivered (I'M Yours)",Stevie Wonder,1nwSXr36GPoeI6hazSBqMu
Frosty The Snowman,Bing Crosby,3i8j2dKXChkErfi8jsDDuH
Younger Now,Miley Cyrus,5u5p9CmXrFS8gl0eOoLl5R
I'Ll Be Home For Christmas  Single Version,Bing Crosby,5P5rUzjpgTkZeQbr0CVdsZ
My Number,Major Lazer,4HBmGUvfZj7JV2u0O8ZUsN
Jump,Dababy,2m3ObD945KvpE5y9A1eUWm
Boyz,Jesy Nelson,3yMnlKgEXmZSy8a1mqAOJu
Work It,Missy Elliott,0UaMYEvWZi0ZqiDOoHU3YI
Hotel,Montell Fish,6UpgMTjhFiKV3Sk0emuqDz
No Sense,Young Dolph,7k5lDslyLbcykzUOPGEdKR
Faster,Lil Tecca,2WsuSYJNXGKXVYkHPnq2yp
Pretty Little Fears,6Lack,7fsNNSLGG8Wi0nFbufCU6L
Riot,Lil Skies,6woBIJbQaiZgq4lCkIIvac
Jumped Out The Window,Young Thug,6on3eGsvt8AvLOnsGDLjF2
Really Love,D'Angelo,7AjfklMN4WpQYz5FkT4E66
Leray,Trippie Redd,75lcPkAkUsKWHGBlGM476R
If You Know You Know,Pusha T,5EyWKWvCaM8n66bmv0sWo7
Not Above Love,Alunageorge,7vbFl3E9jEM0FMmbYCPvnG
Warning,Morgan Wallen,0sKEilrw1GrBlG6qsTCrP4
Transportin',Kodak Black,6xajP75M1BFtns9tb2i4XN
Perfume,Lovejoy,3vk4V4vwotEvP16U1cM0HQ
Chandelier,Sia,2CZX6RHW9EYFhhTANVsF5A
Kick It,Lil Nas X,6QZbDUZEgkwaVWROtWzjQ0
Hurt Feelings,Mac Miller,14sYoVtUtvd66rBaU3TWXt
Stargirl Interlude,The Weeknd,2N3MdCxkZ7ZpPx3Bxmp7pf
Mother I Sober,Kendrick Lamar,4C4YtbSou9LA6eSmmyc23x
Taki Taki,Dj Snake,5DHqFMPhjv24nzGgLYmz7W
Born Again,Rihanna,7dhXGtYEZrxzkIsB1kY0Ps
Nobody Else But You,Trey Songz,32JZPy6tu4UKlGoVyqaoSa
Trademark Usa,Baby Keem,3QFInJAm9eyaho5vBzxInN
Super Freak,Rick James,13v3siPyvy5TTEZYmGPPse
Hear Me Calling,Juice Wrld,09sdS599Ooklsqgr04p51S
Halloween Theme  Main Title,John Carpenter,5BeNQ6D0mN7wRjBTiHq1yu
Miss Americana & The Heartbreak Prince,Taylor Swift,3fQUXGCfY1HpF1spf629g2
Night'S On Fire,David Nail,0DAjiINHQTnPnnY939Qyhw
Die In California,Machine Gun Kelly,3mbt6o8MMPL2HJSQW6nnAU
Face To Face,Rex Orange County,2ci2QBpQ7ded67RlxL1Spu
Rags2Riches,Rod Wave,09EfbLpXA5MJX6NO5RBR59
Dummy,6Ix9Ine,10Ixf6CAfAEmh6nxMgrdxO
Flex,Lil Yachty,6vDyzD9o8aYhR1963oJpkO
Everything That'S Missing,Big Sean,1lEkbzj9ewarXZb8nwHiAw
Who You Love,John Mayer,3q9TlXUZ9RdSiqEzp5lils
7 Minutes,Dean Lewis,4mgvCnjncfZI5ZvN1kzTXF
Stop The Rain,Ed Sheeran,0FaZ3wzSV65BrZDpmCNUPq
The Right Song,Tiësto,3Q2M6sNKDwoqZGBvwdFqZr
It Was A Good Day,Ice Cube,3zzZULRT9DQJxrgoBz26E3
Fearless (Taylor’S Version),Taylor Swift,296nXCOv97WJNRWzIBQnoj
Hey Angel,One Direction,7G038sDSfso8fw7fr2Bkod
Told You So,Paramore,6QUEB3DDAD7oJhbIZF2v4Y
Stop Playin With Me,Lil Wayne,7GYoEbez6qFszDiEmiuBEb
Flux,Ellie Goulding,5JFjyQjCj0cDCz4z1xUt9K
Bop,Tyga,5IaHrVsrferBYDm0bDyABy
Cry Baby,The Neighbourhood,3IDF7N86lrcWaJEt9C1gbS
Suited Panamera,Youngboy Never Broke Again,7E6knQgEAcU0nIjQJuwrIv
Fml,Kanye West,5ndhIaJqVz3ErRTZclWRru
Heaven In Hiding,Halsey,53QkoELbY2Vzzb4EMkFJOB
Thought Contagion,Muse,6tpl3yuDnYHAHb6dY60p5O
Fuck Donald Trump,Nipsey Hussle,6hkQ6OQ6nhe7QCckH91aGa
Hold That Heat,Southside,65C5AgKOshhGlW64GZQe3j
Hasta La Muerte,Eslabon Armado,3lGMtkONrZdJ8kTCg6KIFf
Aint Goin Back,Russ,26OhjtaTamFocE08t83ml6
Do Re Mi,Blackbear,4nvGIQPgLnWWJUJrnRsIOX
What Do You Love,Seeb,5yMdAlxrQe0QqYccXg99om
Stayin' Alive  2007 Remastered Version Saturday Night Fever,Bee Gees,1wFzrCCNPpLK4JEQeEjmVj
Keep The Family Close,Drake,3eJDQA4bcBLT8Gp6Cmfyxq
The Half,Dj Snake,6osaMSJh9NguagEDQcZaKx
Goldmine Junkie,Big Grams,4Vj8hGoO3nXr8PUA0bKyT6
Golden,Travie Mccoy,2niibiHcf2QI0rvNLq4XYs
Like I Can,Sam Smith,6m0MWw2OHSi1shn6yMoTHZ
Put On A Smile,Bruno Mars,6rgX0WInLTtllezD9E9yzj
Joy To The World  1999 Remastered,Nat King Cole,2soNiIWAQItFQjo4yIfipv
Ransom,Lil Tecca,5LpzUEzPfHN7YYKHbCJrmR
Benz Truck  Гелик,Lil Peep,3S4wKj113KHgqtZt52Dcd1
You Broke Up With Me,Walker Hayes,0qhWZwKPhsjhwC5i4UGI9e
Blahblahblah Demo,Joji,0GVKrtG7QqEYBGOAspofCW
Fireball,Pitbull,0BCJhpBPCj0aAkJhPZqwxs
Ayo,Lady Gaga,1QXiVpVd9UsCvUK2Bz9Z6F
Tunnel Vision (Outro),Pop Smoke,4URQKHMxklDp1WQY0c6lZu
Bells In Santa Fe,Halsey,6hkjX4h78zdZEliZtguYVB
Like A Wrecking Ball,Eric Church,5uduNhWgCx8kfyGPLRwFIo
The Greatest,Rod Wave,5ie5OPdaP9fivYaKcjwKF1
Sleep Deprived,Dreamville,1ldXIistqv8mBrKi6OfM5n
Want To Want Me,Jason Derulo,1VHOSL3TG5yzJz2tJuOQ1P
Pray 4 Love,Travis Scott,3JHQY6VnwmUMuYb0XI2O7Y
Thru These Tears,Lany,22ZcJxQkzIL6EU692kAFWY
Hot In Herre,Nelly,3hpUL1gDZWiz8k4DtYhZsS
Starman  2012 Remastered Version,David Bowie,72Z17vmmeQKAg8bptWvpVG
Quarantine Clean,Turbo,5GLkHWSbzFPWmoTqxWKe64
Genius  Lil Wayne Remix,Sia,0QZPWvrAR4mDtDcLBu1Krv
Bad Business,21 Savage,6GB1ZoVI4x0njIOVHi7bvO
Throw It Away,Trippie Redd,2gx4DGrU21mG6ald1qXPH6
Race My Mind,Drake,12ZzXUKBIYRhnyLEFkHKM4
Yessirskiii,Lil Uzi Vert,3RFT4wk8sMnr5XhkxYJrW2
Okra,"Tyler, The Creator",0p4Xi4uRZlweypGleTZSSO
Dunno  Recorded At Spotify Studios Nyc,Mac Miller,5XnFJ4j5cmwfWR4EAKDBlv
Crisis,Rich Brian,5XB4g7ZqHcn84DFJXwBS1i
Sneakin’,Drake,2cuvVDUgURMRlTRFt3oVcu
Esskeetit,Lil Pump,6Bt9fs96JwofaZUNmqBD6f
Faith,Calvin Harris,59eAcAyhYSLi5GKFrgHJzG
Serendipity (Full Length Edition),Bts,1FJswUXEo8jr5E1zLjjClr
Only Angel,Harry Styles,7EzQ2cDiGLTiJhzWkHKO7l
What Christmas Means To Me,Hanson,2oTH6X8DjSwmTBoAolDou2
Whole Lotta Choppas,Sada Baby,4xYKCxgogB1y10Y075sCx3
Shot In The Dark,John Mayer,2qhuqPi31TUVO2uuN8e4pw
Poltergeist!,Corpse,1fvRueeK5f60hkG1VzoXXq
Jump Out The Window,Big Sean,2vdcLHQSoOUNA6N4eZBgFp
The Dying Song (Time To Sing),Slipknot,0tWof8xKmUD2V7oQYI4ADN
I Can'T Breathe,H.E.R.,3tZs3nVjySLbL320lP4mvs
Don'T Leave Me,The Kid Laroi,7gVwgc8b3XnO87TpmXXFA5
Jump,Julia Michaels,2HudM0HkqvQnJZG23iJ15y
Girl Of My Dreams,Juice Wrld,2VT54lu8kq6DS6wMjpcRhS
Champagne Face,$Uicideboy$,1tm7c4V0kqLiN0XPVnoUcT
Fuck Tha Police,N.W.A.,0XfsT6rbC7myipngFhWa9T
Jumpsuit,Twenty One Pilots,3PVQxi7uqV4Q3OC8sONhfL
Split/Whole Time,Lil Yachty,5R2rsbwCDXORX2tLfprRmM
Skit,Bts,53XrsilgguJmmsEtDsj0yY
Goodbye Angels,Red Hot Chili Peppers,3Y23ZSLRdk0d8YWAu4SnFb
Jet Pack Blues,Fall Out Boy,4mRYkTFpuD19Cos7CES1Kz
Slow Down Summer,Thomas Rhett,5l47XyipGFkA21AsaifMJT
Borderline,Tame Impala,4ubae7aWoUq25ctjDcBu3L
Pop Out,Lil Baby,2nQ3HPIQhW17VUwVjYWkca
Lost Cause,Billie Eilish,3BDup0uLHQWk9lZikSslCW
Touch The Sky,Future,5yyqx4brn6Bm9U1Rj9ENnz
Freedom! '90,George Michael,1SKApv6ZfJ9bkUxeRObJEF
Calling All My Lovelies,Bruno Mars,2PaRO9RwTssHTAvD1kKdHG
Chicago Freestyle,Drake,1tzTYPfNNu2QEwYqRISmGi
Pardon Me (Lil Yachty Feat. Future & Mike Will Madeit),Lil Yachty,0U4bETGvA2xw24gyTloxIJ
Test Drive,Joji,1VGzxJnVQND7Cg5H5wGj14
Ricky,Denzel Curry,41X9qar6SruZOPLIV7sgUw
Hometown Girl,Josh Turner,4FWzWQVHI190YIfrfho4Fr
Mr Loverman,Ricky Montgomery,5NvOZCjZaGGGL597exlQWv
Not Nice,Megan Thee Stallion,0c2FTEe9NMeTD0WZ3eivsA
Left And Right (Feat. Jung Kook Of Bts),Charlie Puth,5QGooKayQPVZMUDc8Qt3Dm
Sorry Not Sorry,Dj Khaled,72SbnBZ92iYEDbiFroK8bv
All Star,Lil Tecca,2WsuSYJNXGKXVYkHPnq2yp
Let'S Start The New Year Off Right,Bing Crosby,2JwJqDEqC5IPl5bN3klNHD
Pop Star,Dababy,0widrZ6KVNuIPhbM1rWPDR
Come First,Terror Jr,1IPIgDNQNF9dFHkyOEkojp
Wild At Heart,Lana Del Rey,4kV9HJNDB2lYqjeIg95LIo
Good Day,Yellow Claw,6hJSH3jS9jG6khVclppBJw
The Trade,Tory Lanez,5SmcY20OEtd8TzkbdSpEEz
Something Bout Me,Key Glock,3Wqs6XFKsKcTjaWhmB8VCP
You Could Be,R3Hab,4GprZcKZ8U6GBMXWVmkkWX
Wings,Mac Miller,4D40ZlFAWsvX7lua1Kablh
Dancing With Our Hands Tied,Taylor Swift,6ppefZt5uQ62aHAfSa1Jx9
Bandido,Anuel Aa,3FiuYGuoADvGBeARUH3XXh
Ave Maria,Michael Bublé,1j9HwUMSkRUeVFRWlHcFsy
Otro Trago  Remix,Sech,27RSJHEA99Y0Vsow7nA37A
Robbery,Juice Wrld,13gNHYmqe9E5OFyjFqOCLv
Mamiii,Becky G,46Lqs8FqqomRGmRmpm1Adx
All Around Me,Justin Bieber,43XwaUvFtrASuRdaxDeJKo
Get Out,Chvrches,4WRdovPCOF0Z1myvMRSLbx
American Kids,Kenny Chesney,57I7CUbXo4XlWuTVB8pXW6
Light Switch,Charlie Puth,3AVXwaOGCEL8cmBecfcsFJ
Here For You,Kygo,5LV30UwGT11yKaKUZY4Fh0
Volando  Remix,Mora,3l9YiADzNmEvBfZVPEF49F
Dip,Tyga,2qfR91VvO7hRp4IajDT08h
Girl At Home (Taylor'S Version),Taylor Swift,4bqrjgXonyic14rwimeAV8
"Have Yourself A Merry Little Christmas  ""Meet Me In St. Louis"" Original Cast Recording",Judy Garland,1Gfdx16f0aOZ70Tm2Z0Lne
Hide,Juice Wrld,0hJS3EHWC4uL9sJ52ErpoN
Love Is So Sweet,Missing Seoul,7ASI5HIduegnpd0mMZXoja
Palace,A$Ap Rocky,0fgqddAFPRBtdWA6AHWSi7
Light It Up,Major Lazer,5w3NgfV8v1nNZFLUBlGHIL
Hymn For The Weekend,Coldplay,7iXr5Ke8gBteNYwNe0UENp
No Heart,21 Savage,5SWnsxjhdcEDc7LJjq9UHk
Uno,Ambjaay,1ucAgkQ4EQDCSXQ2kEk99k
Blame It On Me,Post Malone,6bsGUcHX3dlouSNvMYH8Pk
Untitled 02 | 06.23.2014.,Kendrick Lamar,3V8vWoCbKbfjNrPaQ4YtSg
10 Things I Hate About You,Leah Kate,1uDzgImhGMRapgPo1IW45Z
Surround Sound,Jid,5UDKzTapqM3vTnDPwx4RRk
Nevada,Youngboy Never Broke Again,0oPpchtgx4hZ2J246g5mqn
Sleigh Ride,The Ronettes,1CBg1D0t4FMLbco3posN7b
O Holy Night,Mariah Carey,6JY1Bv099vhkeAHuSjNlQJ
Night Changes,One Direction,6yUNcknEpIg92uh38iAfdM
Kilby Girl,The Backseat Lovers,2QcFEjwJ86jbvf5Cnu8kRI
The Ways,Khalid,0XUHYxHOOctkSXReILAaJV
Face Off,Tech N9Ne,1AJx5jJQy9pKKxcnHm85RY
Hand Me Downs,Mac Miller,1YIy56OJyVpuzoTQYiqkpg
Goodbye,Billie Eilish,7hakBrWzzouKXpopdzq9DI
$$$  With Matt Ox,Xxxtentacion,2ZRo7axmMPeSVUvDbGkJah
Element.,Kendrick Lamar,0uDkMysGvPYWqb2UHOi6Zx
Steam,Leon Bridges,492qpI86SOiINzPTik37u5
Im Gonna Be,Post Malone,66S14BkJDxgkYxLl5DCqOz
Halley'S Comet,Billie Eilish,3G4Zt3QtUo2tcjVhGtMeYk
Bandito,Twenty One Pilots,6fHgqG0xPNoECfWQpcojUk
Que Tire Pa Lante,Daddy Yankee,3GFHu8dtvs1lktC3qnSC42
Better When You'Re Gone,David Guetta,7hpEnDwDW9LNVeS4rPajo6
Space Ghost Coast To Coast,Glass Animals,4gkW8JkUCBY08cdMHnYx3x
Red Water,Earl Sweatshirt,5dhP2Un3i6cYt3cvhqtqPj
Club Paradise,Drake,2khpiv278yz8y9nBbuFEHp
A Life Of Pain,Baby Keem,1ITpqT1kDATCtMBwOK7sYn
Trust Issues,Drake,5jQVx40dbpDsstcwlhpk9u
I Know You,Lil Skies,7ms3VzLTfr7fXNOqA4Mkx9
Ghost In The Machine,Sza,3zuOgC9IMMdNewMvgsVtNx
Up The Smoke,Stunna 4 Vegas,7kLpyZKZ9nDBmXrCrUbkk0
"I Am Not A Woman, I'M A God",Halsey,21GDcON4pzVaUpTToeGXv6
I Got You,Bebe Rexha,4SGBuq37Ol4HJr7pQqFMKa
Anyway,Lil Baby,3brNQFVhbSRrdKGZjCTlV4
Death Of A Bachelor,Panic! At The Disco,3px2rAPu74ltbkf9eZsZ8h
Please Don'T Go,Joel Adams,79PZiUsfya54vTA4ri22EG
Available,Justin Bieber,75fCs1OkAUfJH3FbmqYZfq
Runnin,21 Savage,1bDbXMyjaUIooNwFE9wn0N
The Louvre,Lorde,2HotTAoFiOYTeMZkNs1Ces
Not At All,Donyay,6CFVZAY2obepVWY878ztlD
Fire Squad,J. Cole,7tlqmHelI684Uq05vL5QH8
Like I Would,Zayn,0PDUDa38GO8lMxLCRc4lL1
Break My Soul,Beyoncé,4DukzQv7lF6DXe6Un7lghr
Crawling,Linkin Park,1PJRDeZSoZk7gtisdTYfLi
Workin Me,Quavo,0QNNd0qMCDbraS1nQPg3aA
Forgiven,2 Chainz,4H9pCqPKc11WCbfILZSYTt
Do You Mind,Dj Khaled,3EbfpCnc2E3I3dVYJXNKRC
Same Thing,Lil Baby,16g0MvK60Z79npuD4wvh4E
182  No Future,Blink,1fJFuvU2ldmeAm5nFIHcPP
Life On Mars?  1999 Remastered Version,David Bowie,6tdixrrHbOHQfdamvcyOes
All I Know,The Weeknd,4uwJy79MZi0a9kDnZsIpbP
Oh Caroline,The 1975,18UsAG7SfOQ5sxJEdjAMH0
Straight To It,King Von,1YVhP58OOuJKDcwM7aO8K1
M Y . L I F E,J. Cole,7IdOQAEEnmslfnrShvPCWD
Nostalgic,A R I Z O N A,0IKKxyMXfsdwUZJwehfeGN
I Of The Storm,Of Monsters And Men,5OpGqNARmKCIRR5SI9qGhf
Out The Hood,Gunna,4bbLZ8c9E74Ks9TtokwsUh
Get Into It (Yuh),Doja Cat,4V5siYO9zHpLX5qf2F0qBV
Love Me Now,John Legend,2pPRgFEENF3LtuxYUPuT24
From The Ground Up,Dan + Shay,63YumheHHPNfMS5VBPp48l
Somewhere Only We Know,Lily Allen,4Cu6HWgvQnPTrSiO0rKbWA
Somebody That I Used To Know,Gotye,0z55DUQ6MfkjpxBJwlYcxY
Realist In It,Lil Baby,7xJFhkzFIqrIOKg1cRny80
The Grinch,Trippie Redd,7hOuc5T0mhEZFLr7IQhSaL
Sweet But Psycho,Ava Max,1gwwks3lIsvJq5pDJ82fKK
High And Low,Empire Of The Sun,5FgrOIF0G0pjdXaX0RVIxT
Can’T Punk Me,Jid,62T7II9I0LWUxdPP6ZAgkR
Maybe It'S Time,Bradley Cooper,2AaPHYsUA8V8lPO787mWBi
Blackbird Chain,Beck,0c9Vl4iBLhsmzttG0X4XhY
Tv,Billie Eilish,27ZZdyTSQWI7Cug2d2PkqV
Follow You,Imagine Dragons,2fOZvLjE3G8GaldTKKUoTj
Your Bartender,Morgan Wallen,0PnzySXhdMsTAeso57VCbZ
Spoil My Night,Post Malone,24wY718Bi9zk8CYRuVcLOe
Life Of Mr. Carter,Lil Wayne,4qjmcTsLSV0LJcCBsT9Ay1
Summerthing!,Afrojack,4hD933efX19LFMFApNQTex
Stay,Mac Miller,00U1MDChdOTxWwtKoOoBXE
Never Been In Love,Cobra Starship,18eoNBn1L1li2TvPa2DupB
Stay Down,Lil Durk,4YZQ3TMPhXEblMOgktoLfg
Naeem,Bon Iver,4D5ZkxobJFyBRB41782bA0
Dance Off,Macklemore & Ryan Lewis,4GKWVhu4n2il5CS47lVwaJ
Blessed & Free,Kane Brown,1DZr5gsomZLznTaMJw8FuH
Late Night Messages,Wiz Khalifa,412iU9iGoEM0gIAkbdreKr
Always Gonna Love You,Florida Georgia Line,0i5el041vd6nxrGEU8QRxy
Attention!,Xxxtentacion,5itzep0nGnq7hxCfFNsTIR
Marie  Alarm,Anne,6byypYHamVCiwNjEo5oemG
Broke Boys,Drake,4kjrB4xpcXRiAjLRivGhN2
Wifi Lit,Future,0dXCeiHcElnSlBkDVfbrNE
Oh Yeah,Young Thug,4N9QsmvQJcGwJHAmDmBttU
Can I Kick It,Logic,4N1L4sd80b1E8FmWK7Xgcz
Duck Duck Goose,Joyner Lucas,0ei18dnpeVTqP2MtNATbck
Suge,Dababy,2pYob2NI3MLocrU7mU9J0K
Signing Off,Trippie Redd,6GivWRmlYtefJr28jev6e0
Diamond Teeth Samurai,Youngboy Never Broke Again,4XlyD28tQ6qdqNS2BkE1AF
Entropy,Grimes,3WXhshrs1fzwF3rQE399Gq
May I Have This Dance (Remix),Francis And The Lights,5RJTUwGmseVONMulYQc04C
Jesus Is Lord,Kanye West,2SasoXZyv82yYgHiVOvxQn
For Youth,Bts,2wqObzwM9H06Lv5HxQoXcg
Fall Threw,Rich The Kid,5I9ToLsF7Rrt9PZ71uk0Qq
Summer,Calvin Harris,1gihuPhrLraKYrJMAEONyc
Single Again,Big Sean,1Zgg9isn6GuQSzufRjdmOG
Kobe Bryant,Lil Wayne,6KNkwW52dda5lTGf10KLXn
Mr. Morale,Kendrick Lamar,0aZ2Fe6y1KzEmkAAcoosHR
Runnin' Down A Dream,Tom Petty,3noZh3GynRLHd9QxtbmAyX
Umbrella,Rihanna,1oQLS1Guu4Vb1NstarqeEc
The Man With The Bag,Kay Starr,1ntXT3jARsUPF7H0lZoAs7
Waiting For Never,Post Malone,2GUSz3vtf8jhVXri1CTrQX
Piss On Your Grave,Travis Scott,71jK23b6cWifrN7gQHcHBS
Hope  Music Box : Reflection,J,2FEE7TfrWojCaGIConMyxB
Terrence Loves You,Lana Del Rey,45ai7rOz3dTvZ2rm8zobaM
Low Lights,Kanye West,5efvxYn0J1q8iuIZBqpDD7
Freaky Girls,Megan Thee Stallion,29NV5l8hdRLDcpUbj5Tzs7
Meet Mr. Niceguy,$Uicideboy$,6QFQqqYye5lAcnhCALvxKJ
Used 2,Lil Wayne,3V8sM5OOG6YfDuDLa2IIYJ
Silent Night,Joshua Hyslop,74LFX2SPi4b77TrOBUGemr
1Am,Meek Mill,54c3Dw2H40H1tGoYLlE7Xt
Complicated,Dimitri Vegas & Like Mike,1pAvAiQK7naCXyhkcRQAZl
Track 6,Ty Dolla $Ign,6oECOh5nAYmxz4EiYhjsPi
Keep It Up,Rex Orange County,6chji5HeHRwQ32CGp91aOz
Jingle Bell Rock (Glee Cast Version),Glee Cast,0cCUxcooKcNYQlYQAEHZHy
Fuxk,Xxxtentacion,7m9OqQk4RVRkw9JJdeAw96
Dior,Pop Smoke,6PnTgx9lyvLGIcPnroCvc2
Nothing Compares  Bonus Track,The Weeknd,0tUELgOuOJ3KCsYMDDsNvD
Views,Drake,36dkhTJdNk1BHux3zwb7FR
About The Money,T.I.,5cS9jJbwirKrdDIbbAExUz
Trampoline,Shaed,3fb72satUVizbkRwQkvZmP
Corazón,Maluma,1yoMvmasuxZfqHEipJhRbp
Sainttropez,Post Malone,5DZ78SHRkKVpgD6uhmqfZK
Original Me,Yungblud,5v4OkFH0TJ6W1hCFxyn0px
Ballin,A Boogie Wit Da Hoodie,7twFiopZLzhAQaC5ZmKL2o
Tu Sabes Que Te Quiero,Chucho Flash,2pJj0h2OvrYndiqkM8S09N
Weather The Storm,Dj Khaled,0eaD3F5zUC3Bq8In11nkau
How,Lil Baby,2b7rt5gCEy2p2zTp656s4U
Not Allowed,Tv Girl,4NUhcsz9E1LrBe8nXLZqzp
Okay,Lil Baby,5BbdKBZO0TH0GhfxUfyhL9
Gatúbela,Karol G,2w0y03Uk9NMDGjzCrNNvNK
Hold Me Down,Youngboy Never Broke Again,06ddtR302JQTGKI3UxN1Ab
Eastside,Benny Blanco,5iQ0Va8Dt5Yky4TXuqO5TF
Burberry Faygo,Lil Adrei,5oJ2AjBjALb67eAK3ZB7WP
Weed Farm,Wiz Khalifa,5TeeApIfil7t3Ik00sf21i
Emani Interlude,Trippie Redd,7FullO2NDkyvxLuxYVKINa
Sunset,Prxxy,1OebpjXwPI4h0tjSHe4YCR
Silent Night,Mariah Carey,3z63V6OraICzWEyTCcbezn
Lay Wit Ya,Isaiah Rashad,1gKohc5B0OuqOncIu7JKlL
Stand Up,Meek Mill,3J4VKkUpLvomXJbn9ZAypO
Dead Right Now,Lil Nas X,5JNfnlcRn63mjLNOH080Z5
Too Much To Ask,Niall Horan,7pZeacKYnK4unCplCmI2qb
Powder Blue,Ty Dolla $Ign,54iEZINzQt6ltApofgtCpO
I Know What You Did Last Summer,Shawn Mendes,6ZFEdVdmojKeqiY6tESN31
I Still Have Faith In You,Abba,78xlGdKqHvEpJRhEFD88cW
No Flag,London On Da Track,0OwA38T9jw3ogaCbQQPow8
Enemy,Imagine Dragons,3SK3FJ2yIcsXygAvQTFMkC
In The Arms Of A Stranger  Grey Remix,Mike Posner,72sD7v0dyrFa86RX5EJnEj
In My Room,Frank Ocean,7CiDwKE62N6ey3LyG6s7xc
Call Me,Nav,3TGRqZ0a2l1LRblBkJoaDx
Wildest Dreams,Taylor Swift,4Q25eYyogUIl5ZZNKt4OEz
Turn Off The Radio,A Boogie Wit Da Hoodie,2cRTb3X7nDqNNHy3Nzr817
Move On,Mike Posner,1IPEg57MPJgMymhgKFstN7
One Man Band,Old Dominion,0OlS52TmtK2gPaEtdmr7DN
Glad You Exist,Dan + Shay,3sZX01oxFDHDdSEvpz64Sm
What'S The Use?,Mac Miller,44KucsBZqYt18rDJNDzXJm
Big Bad Wolf,Kontra K,4efZtlSbvFb9nz3W9E1z03
Lonely Together,Avicii,3fgjE7IXIkrPag6YKcKeHa
Wanted,Hunter Hayes,4FkgULes13bk2eHrsJg4q9
This Feeling,The Chainsmokers,1r232i80xFiNHzSUmrFc01
With Me,Nav,6jChisgoIfN75H4RMcGvfL
Illuminatro,Logic,5qz9QTNgiajpsnp7agqBpc
All Herb,Isaiah Rashad,4IFiguNcYCsT9pQ00mtXqp
Most People Are Good,Luke Bryan,5a2QsT3RJQ6dT4tlDW12Ov
Facetime With My Mom (Tonight),Bo Burnham,1ImSXOmBGQ2l6czj5eMWPl
Sideways,Illenium,1EzHCvHFPQbkgURE9QfGFW
Don'T Touch My Hair,Solange,6GI2PcrptZqGDOVrqjsec0
This City,Sam Fischer,6ia9TgcqUz4IaGRoKXW0oF
Headband,B.O.B,6gf1xlPETW9CwjsdnUzW3g
Suga'S Interlude,Halsey,7at9s1qowhUrFaE3qsr4WY
We'Re Good,Dua Lipa,5Ja8ZlVexmTQKbWAQgZ3f0
Scars,Sam Smith,4HwNC5WKSyyrO5L5LeBITt
Crank That (Soulja Boy),Soulja Boy,1CtvmX33OzZakoFD2eEQPz
Royal Highness,Wiz Khalifa,4jB9Mlzde8Il945GrJ09gT
Out Thë Way,Yeat,7kmcaHHa9y6T95vS45wbte
Just The Way You Are,Bruno Mars,50R0Pyt9KqMt73E3pahGd9
Clumsy,Britney Spears,3TdIz6kmrMQ1ccKXUKzmIV
G.O.M.D.  Live,J. Cole,1UeijLuUewHhigWatUStTE
Wish Feat. Kiddo Marv,Denzel Curry,3T5wv2PWyHMccVFKJUGP0x
Qué Maldición,Banda Ms De Sergio Lizárraga,66lNr3tdendD8WDaRa3U0Y
Someday At Christmas,Stevie Wonder,6qhKuKyIKlmlpppSqgKywz
Multi Millionaire,Lil Pump,2LskIZrCeLxRvCiGP8gxlh
Cold Water,Major Lazer,6DwiGVCgXGREeCyJZtX7S1
Motiv8,J. Cole,6LBpGdlukUARutol7VgWIS
134340,Bts,6fqaMyg066xlukvUJWdM2T
Love You For A Long Time,Maggie Rogers,1mVqi0HYgYWy7o9KBOX9Lx
Stay Gold,Bts,2pB41rjw8a2y7pC06vdBkp
Hours In Silence,Drake,6iw6QOpmHMqHgwmFps4YOI
Rivals,Usher,01qLRZjy5hnWDdqKuM6AJh
I Think,"Tyler, The Creator",2YWtcWi3a83pdEg3Gif4Pd
Pharsyde,A$Ap Rocky,4S7YHmlWwfwArgd8LfSPud
Kevin And Barracuda  Interlude,Machine Gun Kelly,12ijfcrfaJ8PsNKWunXl9M
Play No Games,Big Sean,6GyugzdkdKNfhLo59OqPvY
Apple Of My Eye,Rick Ross,3n5qF6aprwEIjHWuH5jECM
Lay Me Down,Sam Smith,74sb4Gib0cL3TQeCjYF8vh
A Lie,French Montana,4r9GyHViUSb8iVXQsJc8U5
My My My!,Troye Sivan,0Z9FRM5zukGVagh8TVSdrI
Good In Bed,Dua Lipa,5idsEzxjeekla54j0jHYUE
Rockabye,Clean Bandit,17PHUDKi0OpWnzS28zGlwh
Rich Minion,Yeat,6vddKOUj2Fx4LEAYxmsT8p
Gaslighter,The Chicks,5hviCr3lgg6LY6noG6DPKs
Goodmorningtokyo!,Tokyo’S Revenge,6JNCvIx1FZ7mTbzFihBjDt
Hercules,Young Thug,5Z8HZM6iQMhhqyPcCGY5g9
Lost In Translation,Logic,6GP4ZcCjJTWqDk8ZLn0WmC
182  Happy Days,Blink,26AYR77170U49cMcXB7aRV
I Believed It,Dvsn,26LYDRdwKrLY9wfr1UoKWu
Last Call,Logic,7k0wVBW3cvV6Xmb87JikIf
I Got A Shot,Jack Harlow,1NI71Sgxpzhgu92dALhp1c
Pranks 4 Players,Mac Miller,1RBls1ySb8wEfghw7XRVio
Worth It,Rex Orange County,na
King Of My Heart,Taylor Swift,5E2v6b4Mo4jxuPrcK4YEIF
Let Me Hold You (Turn Me On),Dante Klein,3ivwCud4B1PdRsLPwCr1cG
Might Not,Belly,6mG8khkAtHrdERqqEReZlo
Racks Blue,Future,5Pg8MZDBD6sNsnV3miq2jo
Amen,Logic,2c8sgbZoEanC3QyFNZxUcA
Can'T Stop,Red Hot Chili Peppers,33vfE5bxDMHpOFHMSgxehR
Photo Copied,Future,3Hgtlg46LL3WfX37vbnwuD
Money Spent,Koe Wetzel,3NWWLWoMA0Cy2T5oyEIqKt
Just Be,Dj Khaled,1cEhrSF6EylAEqdhUGuNpX
Puppet,"Tyler, The Creator",6WDRJDnRQ28UUn4ytxSMGA
Ghost,Justin Bieber,5dPz35akJjPqb17yeqNwqH
Setting Fires,The Chainsmokers,4Cka9hWfkA8o0N8m0tPR0g
Relación  Remix,Sech,4HehbhlVK81hZT5Yg7QmiR
My All,Polo G,5xweC8G8hjgP0CzNT6HxPO
Bam Bam,Camila Cabello,7ixiCZEHWHc8FxaQXQh2P4
Pon De Replay,Rihanna,2k0oY7sO7YJf8yauH85Tbk
My Kinda Folk,Luke Combs,3RA0LaRQuDwVvDNpDtEc9b
Filter,Bts,2ib6K0DlwDqXZ5EGv0cVqo
On The River,Young Dolph,5gmkw2031VVIboYqPIjSWB
Eazy  West Coast,G,3jIUcNxBowyf8clrQ9bPIy
Immortal,21 Savage,0J8DJihFrh1ZAjiIq78ZJe
Lights Up,Harry Styles,0PWQqF5PvqRq0OPLSH0FKI
B.B. King Freestyle,Lil Wayne,3cg0dJfrQB66Qf2YthPb6G
Are You With That?,Vince Staples,4XLt9BWOtOFXiIo1pCqqk3
Barbie Tingz,Nicki Minaj,6Poyf51k7W3NKnsGwAI90B
Float,6Lack,2lVYLiHGIX6GajMqYXF1Un
U & Us,Quinn Xcii,3SOaGw8GfOkOj3Ov2D4VbQ
Shake It Out,Florence + The Machine,3fthfkkvy9av3q3uAGVf7U
Wildest Dreams (Taylor'S Version),Taylor Swift,2fuiA0FQANMrcr2jXMc0nP
Ignition (Remix),R. Kelly,5wCZ8xsug7kNkug2AzOm6N
Hot Gates,Mumford & Sons,7HAE4nDEFxu0UO0WQhsR1i
Eazy  The Plan,G,6NryLRnYj3cBkFhqt7C9hu
Bad Mood,Miley Cyrus,6dJJ5b6zxAKP2QCAP3rbaX
Rolling In The Deep,Adele,2VprRdTmbgyjXnDzHIcfNl
65Th & Ingleside,Chance The Rapper,5H0NU2sHWUnWCcZyYlX46X
N 2 Deep,Drake,5SEBSAio1N77Vbrj1cAEGb
Chocolaté,6Ix9Ine,6EC5JMW0hwIRawSOVJfVQn
Cc,Migos,0M9ydKzuF3oZTfYYPfaGX1
Make You Say,Zedd,1dFkD1JfRMzwO6hwUsE8aS
Silverado For Sale,Morgan Wallen,58BjrzDEIlH5JBQhglYF45
Drive,Incubus,1Y13csEpu3TK5gQdzGLrd8
Takeaway,The Chainsmokers,76EI5put5PkU2FD2rJKegT
Auto Pilot,Migos,0TBgMKD86t1VP3IzhxCoUl
Pressure,Martin Garrix,3ebXMykcMXOcLeJ9xZ17XH
Layers,Nf,0ZoNIVxfTmULCNrDWnbUiK
Goddamn,Tyga,2AQpUOkZQIxu09a5YuM0vG
Jumbotron Shit Poppin,Drake,17YCGiwsVEHio8B3vJK1UG
Jealous,Labrinth,1aXV8GrmQLvgoFtBPERP7E
Blank Face,Schoolboy Q,6BKAKoo7J2vwJGZJs5dhGD
Money Team,Friyie,4v0XpXVTla1b8amgsZju3x
Tusa,Karol G,0MvxgmXHMXh70GpnR0mKkT
How Long?,Vampire Weekend,113bLFbp3F9MVN0w2KJ1ma
Christmas Time,The Platters,3MpGQae6zAFd7Z1FdLV9fV
Kick Back,Kenshi Yonezu,5PA3UIrEhG16UoQIj1fvlw
Daffodils,Mark Ronson,7htO8wiwNcCnhYqjdshMbF
Ville Mentality,J. Cole,2EUr8vjTjdXpQ2ORHS0LLo
Nobody Special,Hotboii,45EzsxBDieiBZmI4ZaqAal
Ok 4 Now,Lil Skies,5B374BLEmmEn7efhLVHzny
Clouds,Nf,3RisdDLUcpbNKuPKOm1Ojr
Got Me,Dreamville,3axmk368X116IhrG0GVrbS
Low Life,Soleima,50kcRtu673zyBLtvvRMKHg
Not In The Mood,Lil Tjay,0M9OnqcSHwqw1bUJ1KmRrb
My House,Flo Rida,5kuSneVOTmvanncpK3RZcl
3 Headed Goat,Lil Durk,2OaKHGvIxoOzIYjyMsxcT8
Thumbs,Sabrina Carpenter,32FhTAAjKZaBein150o3Px
Omertà,Drake,4QbarWBxbqJGpUSrX6Zt5g
Vegas (From The Original Motion Picture Soundtrack Elvis),Doja Cat,3yCV3HQTKOzQeC1QrcRYGM
Save Myself,Ed Sheeran,1w8DxFHDDInmn5TovLKKrW
Line Of Sight,Odesza,398MdLV0PJZad1tV17bPDN
Killer Whales,Smallpools,6cMswWRv4lAU3mh5lclgCc
What About Us,P!Nk,27rZYxE4l21wTaovX4WTnI
Cherry Blossom,Kacey Musgraves,05zxLmKPt0w2G6StrppHYl
Pretty Mami,Lil Uzi Vert,2I9S20Dn0TO04Lo5uFe8Xn
Lost In Japan  Remix,Shawn Mendes,3fJNgDniNzCDaxXx8o7O3H
I'M Yours,Jason Mraz,6uLJWBAiKYfF53a67TiCLj
Walk Me Home,P!Nk,2N9bw4i7YitdN2LDDhMmpe
Harder Than My Demons,Big Sean,6jUCCKRY9JX8P0ACx9W4Ey
Forget It,$Uicideboy$,30QR0ndUdiiMQMA9g1PGCm
Slippin',Dmx,1BWuLWavv57IHMUWOzzOsr
Pneuma,Tool,55mJleti2WfWEFNFcBduhc
All Night,Beyoncé,60xaS8mYBKUW4VQQ666N0T
You Say,Lauren Daigle,7r9kOxiNDnkAg5QKqtyjVk
Clueless,Polo G,30yG4pHXbE7v5TKwwyPXrz
Weekend,Mac Miller,0N9C80kcgL0xXGduKnYKWi
Transgression,Kodak Black,7kZKCghLgg9t0vvugqPXDV
Hands On,Kanye West,1c03f9YZmO792D7hRjZMYi
The Most,Miley Cyrus,73xdFnPVs5r82Z78GtGWaJ
True Love,Ariana Grande,07XaOyTS5hyaWiUK1Bc3bR
Everyone,Mitski,18KjYhghq6K3ZmfcewWDp6
Zoo York,Lil Tjay,05fE3JrHctHICZLw2PaCAP
Dis Generation,A Tribe Called Quest,0301nLjG0ti26rx5ZmfqtP
Richard Millie Plain,Gunna,4FFZEsNgzLySp38LbxdA5Q
Cant Get In Kanada,Yg,3RYgABHAjXGMkiDIHQiwDQ
Eazy  Still Be Friends,G,3zZ2THLkGS76yPbOEHFKMR
死ぬのがいいわ,Fujii Kaze,29bFlHM6SZrPii91fkwlML
Dreams Unfold,Joyner Lucas,5IfG02WEQQxkta6mAamFsZ
Modus,Joji,0rKtyWc8bvkriBthvHKY8d
Wicked Games,The Weeknd,7w5AOd6HrDIHewHfpABEss
4 Am,2 Chainz,4FezOSdELgnYvg8x8CMkOR
Love Her,Jonas Brothers,0DiDStADDVh3SvAsoJAFMk
Once In A Lifetime,One Direction,2Qjkvp4GLlL60lFXtEte0X
Better Together,Jack Johnson,6gdLyYNuhWBzqwlOFSsXC7
Reckless,Madison Beer,3MSsLDjmkvxnM2s8oGhZG4
Wolves,Kanye West,4yWKDBtRwLMG4ESBVltQvx
Harambe,Young Thug,6rTInqW3YECMkQsBEHw4sd
Genocidal Humanoidz,System Of A Down,0ldW7J7Dy6BB7idewPwBVW
Cattitude,Miley Cyrus,0GKLdTM8Th7yxoJQ1Aux2u
Home Ain'T Home,Youngboy Never Broke Again,3sA7HKGzcKTVscdiTCrWpX
Get Away,Chvrches,5HTBPhN9b2GMp5YXAGV6lT
Into The Great Wide Open,Tom Petty And The Heartbreakers,6w1q3XyU8Wz15XTBaqDd1D
When You'Re Gone,Shawn Mendes,6DJgQkIMVL86HHxQk5yKPx
Outer Space Bih,Future,6C3jI37aupqkMfUGkp7Pls
Acting Like That,Yungblud,68rVGSTnCiFOET9k5Vd8Se
God Did,Dj Khaled,47IySiC5o08gz0z5VDiH93
Change Locations,Drake,4AVnVo4nfUiw4FZSckBa57
Burn The Witch,Radiohead,7yyif2Ity1GipUXTdgofKw
Texts Go Green,Drake,0zKQTwVflIP4ygji9glMaE
Now I'M In It,Haim,5ClnW65Z82Mqu4QFwf69YU
Need A Boat,Morgan Wallen,2BnwGR7j6e57q98Lw71lT6
S.O.S.,Jonas Brothers,22vgEDb5hykfaTwLuskFGD
Saint Laurent Mask,Huncho Jack,7J6bnDDitOwfelaJNixHhL
Freaky Deaky,Tyga,73zYIhO5CctxAxvdFbgDIS
Range Brothers,Baby Keem,6a7eaFo2Xq6I9kBV4Ije8u
Bling Blaww Burr,Gucci Mane,1fWjtVvUTGoZQ0UQFnwtjk
Santa Baby,Eartha Kitt,5mxQ7QR1Zi3jIWoderMuzQ
Arose,Eminem,4Ekenwb4vGa79YBg8hnfhu
Wolves,Selena Gomez,33gwZOGJWEZ7dRWPqPxBEZ
Ecstasy,Xxxtentacion,0JP9xo3adEtGSdUEISiszL
Fly To My Room,Bts,41l5LTuM1f3LuJq69Oij5f
I Quit Drinking,Kelsea Ballerini,5uflYpTmuK0np3jxcQC85M
Grownup Christmas List,Jordan Smith,24lCPIiEWKg9K7k1Gh1h8q
La Zona,Bad Bunny,0hozLsvuECjUC9zXV9PYIx
Consideration,Rihanna,1mnYazrMp6Odu8bNpwwSY5
Danger Zone,Kenny Loggins,3X79l6Q1184aeFKimehGqk
I'M Shipping Up To Boston,Dropkick Murphys,6QWIuowO9J4iL48Tkcqc5Y
Fake Love,Drake,6m1TWFMeon7ai9XLOzdbiR
One Foot,Walk The Moon,5U0p28p3kgGwixJMNMrFlF
Shock Da World,Rod Wave,1NtyeXryylf8HWXnxVTD3v
Marie  Birthday,Anne,0IHAg9rnX9DbnOUE35gbkG
Silver Bells,Bing Crosby,3pdQTWpq09XCBosbTtYIiZ
Birthday,Disclosure,1LnEy9O3sYTeO6KiPHKGHq
New N3On,Playboi Carti,1huE5LSdlOib85iK1lWI7G
The Flute Song,Russ,2dXn9AjwNQmk6phoHKM8aP
Solitaire,Gucci Mane,1SKkHYkGqhadpciJKXfRhU
Never Sleep,Nav,2DUMCo1dxz5tcnss8ZoUia
What A Time,Julia Michaels,7vu0JkJh0ldukEYbTVcqd0
Wilshire,"Tyler, The Creator",0NjW4SKY3gbfl2orl1p8hr
Close My Eyes,21 Savage,6IcSvATQzPek6SjkNWefvP
Holesh,Tohi,23Dje0Y5NyhfziJwajqN7m
Higher,Clean Bandit,3ODOndj5FVx1ocyvgyh8g8
Gasoline,Haim,74ub8XwdKSjWFJBAZbfqnc
Percolator,Sza,5qL7xLKWFsDbe1ojGl9cRT
Worst In Me,Julia Michaels,5CFmwN86Pc8i9gmCQ8lPrV
Write On Me,Fifth Harmony,7kJYTnpZrno7bf3g45OThC
Sorry Not Sorry,Demi Lovato,74lQVnoIFci2CVyru22Gum
Bad Bitch From Tokyo (Intro),Pop Smoke,0pq5dsJfIhJ7G5jMWcl5GP
Keep Driving,Harry Styles,6beFYBN5Y5hpSFnl1L1T5q
Linger,The Cranberries,4oGuHZ966kmCmt3DRVxjXw
Safety Net,Ariana Grande,455NN00cexwUiy0CkRbgqe
Waka,6Ix9Ine,2SjOYQ127lPP8Gerv1qSVh
Try Me,Jason Derulo,0RHnsxmfFz49Ynpbq9Ojm4
Houstonfornication,Travis Scott,7uk44MiKIckhdjTlV9WEEz
Kooda,6Ix9Ine,7xMgrIfhaDTFnC76gLW3w4
Freedom Of Speech,Dreamville,1ymBMaDgBOfnwDgels2XTM
There'S No Way,Lauv,31c3omnCJ6Evho95nshg1k
Duele El Corazon,Enrique Iglesias,5T8gItTwZ8MxsQHHTEOSGu
Rockin' Around The Christmas Tree  Recorded At Spotify Studios Nyc,Miley Cyrus,1hecBi6qXM8bjTPnJjr205
Heroin,Lana Del Rey,7CI3G8yGsE8tGeywhAtrY6
Who Shot Cupid?,Juice Wrld,2kM3gIkHRiikiaIUFk3Fje
Can’T Imagine,Shawn Mendes,3ynWU8zXUZYdYejXmfsiYC
Sad!,Xxxtentacion,2ZRo7axmMPeSVUvDbGkJah
Alive,Sia,05cXQMJcrM9msUYu11mOrs
Thunder / Young Dumb & Broke,Imagine Dragons,28rT3OwXdw4VF1MPYIk1P6
Id  Ultra Music Festival Anthem,Kygo,5hhTgK6yugt349REHJvVuA
Harder Better Faster Stronger,Daft Punk,5TohiJvbk6ZVSD2dBcuDQS
City Of Stars,Ryan Gosling,62GY8I1qO8dXKt4xJHGtwQ
Bodyache,Purity Ring,0Uc1kywLKWHjqRbuY6OJvK
Trust,Brent Faiyaz,6XuPJCuraeFFv7EQuMixEx
Andromeda,Gorillaz,4w1SQJljtBveZl4FvfzhCh
Broken Halos,Chris Stapleton,0dLjI10jYuRmlELBb7ql6j
Tiimmy Turner  Remix,Desiigner,5azuYJZsobD2XRlGvStL2s
Never Forget You,Zara Larsson,0k1qJaNhF5yTZvd4E8NgKL
Strawberry Shortcake,Melanie Martinez,06rydNJ4urAHzAbY0okjhl
We All Want The Same Thing,Rixton,1PXcsjMqKRSP3fmpmBmZEI
Leave Your Lover,Sam Smith,5XKQclAoUvvfqpFEM0gBh7
Breakdown,Tom Petty And The Heartbreakers,5yAu4njFSdM47dfsTkQPZ2
Kody Blu 31,Jid,22WV03i2lBbwNVCE1g671p
Work Hard,Migos,2UVbBKQOdFAekPTRsnkzcf
Distraction,Kehlani,2veb4qbYhmsEBSncX7Er3o
Mama/Show Love,Logic,46OiVjmWadZRx3xlJeTE2R
Donaldtrumpmakesmewannasmokecrack,Ledinsky,6Aa7aDayiQHnUw1dUvdneZ
Penny Lane  Remastered 2009,The Beatles,7k1gXoiBTddulMBVlKuJIs
What Makes A Woman,Katy Perry,1SX9Lo1cfXyzEdq1vrsEDQ
Good Old Days,Macklemore,1mnQiO568zXIrUncttTZGp
January 28Th,J. Cole,6ueOopkgCrjA9TW7auu8yK
Wassup,Logic,6R7ymtYz0VipOcWT3THoX8
What'S Love Got To Do With It,Kygo,2N7A3NlyIcPMwyQbInixsJ
Boy Back,Young Thug,64Zh2LjWc4s9P9YwCjLUiz
The Games We Play,Pusha T,3SyeSyHqaiY4iUIvkrFKym
Levitating,Dua Lipa,2i4Cd4c6uEjLZgdy2BQbZO
Relocate,Juice Wrld,1N0TOOPBJvFOvQipTFz5io
Make Up,R. City,7x5xYW5W42OGPAdHUyyguy
Flood My Wrist,A Boogie Wit Da Hoodie,7xA7PlUeLAY61O85k1BRnT
"No Body, No Crime",Taylor Swift,6NriykdkRrjQMZo1sfVYUo
Dtb 4 Life,A Boogie Wit Da Hoodie,5h66wqaGklsSa8eSxTwcJT
Rodeo,Lil Nas X,0UL9ZE2UOkdtPT0Jzu6rJi
Tonya,Brockhampton,3NuN59jpH3B5cNa2M4r7XG
Bad Chick,Somo,3E7kaJwLTCmdln2oNhd5JQ
I Just Can'T,R3Hab,4DCSx7XCBxYWuc71WL02j2
World'S Smallest Violin,Ajr,5z10rRGQVL7MkVnC91xUmW
Ballin Flossin,Chance The Rapper,6gbhfE1GRWwPbUBiQpbywC
Bad Bitch,Bebe Rexha,2SgvJW8CRVNWPgaEpvtXP3
Otro Trago,Sech,0VDvSDARyeJH7QIdsHNqur
Jingle Bells,Dean Martin,4KV9bM7a1KDc7b7OakFZic
Marni On Me,Future,1OjydjIuoknhV8ygrbk6Rt
Coming Over,Dillon Francis,0FzqS9TaYAKwhjdIXfphtd
No Scrubs,Tlc,65YUjU1RCMobliXwXtfpzA
Flossin (Bonus),Youngboy Never Broke Again,2FWeNvUo79OeiHWoR1bUsO
Bootsy Bellows,Wiz Khalifa,01bNIgYQ18cn3pNHz8NgbM
I Could Be The One (Avicii Vs. Nicky Romero)  Nicktim / Radio Edit,Avicii,5jENp0YwSkdQt9VbYI0DAC
I Wanna Be Romanticized,$Uicideboy$,0kEZlJh4mK1QRfb3CT5LPk
Our Love,Nico & Vinz,6hRB4SoPSkWrMuV1F842o3
Die Alone,Gunna,1va3D0NV4NtaCfNWVnfKMI
I Say A Little Prayer,Aretha Franklin,4bNURhAJQzZmHApVrDQ432
Sinner'S Prayer,Lady Gaga,1I3v23MpvlCQQ7ugP7jkQ0
Plain Jane Remix,A$Ap Ferg,7ttRnbI9ZTPQLpNJED1aL9
Camera Roll,Kacey Musgraves,2FbGlEPAjNhWvrVvlentVq
Set It Off,Bryson Tiller,39ShyO1yBCiEoEXHX9ie0F
Con Altura,Rosalía,4GGwM2Krtlx9G9ii1RaEOx
The Lazy Song,Bruno Mars,7uZ7AiONlhz07hDOY7RGJn
Call It What You Want,Taylor Swift,2BXkM71IWVkT9GJw93hqdB
Big Bidness (& Metro Boomin),Big Sean,390fYdvfqp2CRdeqonosQv
"Baby, I'M Jealous",Bebe Rexha,1ukcBrTJUEGmSmANE4Pf4A
Over Now,Calvin Harris,09IOPhEh1OMe0HD9b36FJk
Ugh!,Bts,0SYJf7hJkjDkKBuOPCAQcD
Got It,Marian Hill,2Ag3LUfgpN6ymEMwDOqKdg
Que Calor,Major Lazer,6NGMR3gNznUzW89VKTfETt
Cry For Me,Camila Cabello,1WqfIcubAfxQTqEerXGerI
Global,Lil Baby,73sOxBP4PXyepmg2scKcHN
Humility,Gorillaz,03Q8nBxfqgLDluVj0w4UKM
Genius,Sia,6bLopGnirdrilrpdVB6Um1
Cut To The Feeling,Carly Rae Jepsen,2xrK7AOAWok7NY4WuqeApq
My Boo  Hitman'S Club Mix,Ghost Town Djs,6bR5TIobnPHwqjWmxaTRPy
Love Galore,Sza,7HhtNlYNI32WY6n0ISX0U1
Eazy  Provide,G,2h8mtZXFfkxcDNO52gvsMY
A.L.L.T.Y. 3,Trippie Redd,61KJmkiPBcNr5oLzDNTUt2
God Breathed,Kanye West,6a3NKFXmSS3LpTSiqiiM3R
Sunset,Pixelbobby,0PZDr6dxJhgBjmBZ3w81cr
This Summer,Maroon 5,6Pjb7NIPs2gwnYDpEcPzh9
The Coldest Playboy,Tory Lanez,4BEVJnyZMED9X9b4dJRHri
Stitches,Shawn Mendes,5rQQaAUU86ulQ4uZIyS1hp
Throat Baby (Go Baby),Brs Kash,62HRN481yq2cMyVv3qADi6
I'Ll Be Fine,Juice Wrld,2eRV0Zen3OvAb2phNk7IIU
No Smoke,Youngboy Never Broke Again,4RRQWg5pCJ8DRnxtJqpeGa
Laser Lights,Rex Orange County,5GB646asCrgVsjO9FK68Gy
Tootimetootimetootime,The 1975,3dcSkSitW02lvtKnd4Uv7d
Ball W/O You,21 Savage,5UpXJ75CXod4PCoBQP6MAP
Closed On Sunday,Kanye West,4Dq7eu9AlCJKiUH2uIur1R
The Matrimony,Wale,3MAgQuClHcAV8E9CbeBS6f
A Milli,Lil Wayne,7nDxeN6NDc7v3v774IXiC5
Thique,Beyoncé,2v3HrZhv9LqAVXkW9HgFEZ
Gotti,6Ix9Ine,3w8xqVHrbVfsr6fzCgRpcm
High Infidelity,Taylor Swift,6LyKoSRZrSBfniEYuvdBBK
Anything That'S Rock 'N' Roll,Tom Petty And The Heartbreakers,1t6S2bTfIMQaZOV3CTdGKD
Whatchamacallit,Ella Mai,6CTWathupIiDs7U4InHnDA
The Hanging Tree,James Newton Howard,4rvD0Pq9MEoDyyoCGPm7zS
I Want It,Juice Wrld,6e40mgJiCid5HRAGrbpGA6
Magic,Thomas Gold,4rPLseQb7h35GWOcTUjrfS
Blue Tacoma,Russell Dickerson,3GzNPDfzgSzwyJvzdWgXJM
Get Up 10,Cardi B,1zYsvExrADZ5L7Epqd5J6D
Many Men,21 Savage,6pcywuOeGGWeOQzdUyti6k
Lil Bit,K Camp,33aow0AcXYvT1FoWNzMcqN
Lost,Frank Ocean,6nm9FQcMlEq7JJD6aafAYU
It'S The Most Wonderful Time Of The Year,Pentatonix,4xjKPpeWbUCgQo6VnJLHZB
Jesus Lord,Kanye West,7sBgFMWqDWQgrsNSpIBoe8
Cherry,Harry Styles,5AeObQsfPvVrlY9AQSLK4E
World Is Yours,Rich The Kid,7G3lxTsMfSx4yarMkfgnTC
Te Acuerdas,Sech,54mWI4BJzBHnIpoRt5Gim0
Heaven Can Wait,Sia,5bBLqI7sHcb7Xmeg29iRlj
34+35 Remix,Ariana Grande,5jcdyQe1BRO65G8ZvbsDMI
Up All Night,Beck,75L0qdzRnhwV62UXoNq3pE
Dominick The Donkey (The Italian Christmas Donkey) [With Joe Reisman'S Orchestra And Chorus],Lou Monte,2ReDZXNQB0EPclobClxerI
Drama Club,Melanie Martinez,5otGmOcLbOeXUUHMkYGlBz
Pink Houses,John Mellencamp,67eX1ovaHyVPUinMHeUtIM
Light My Body Up,David Guetta,6kzHh9Yjo1fyocM4nJZw5G
Wavy,Ty Dolla $Ign,5IUtvfNvOyVYZUa6AJFrnP
Chandelier,Will Paquin,4Pp5lXQYGe1M6gpMs2fpg0
Trap Trap Trap,Rick Ross,6V7HTyb8fICqUR3uMZSMJq
Wild Dogs,Lil Wayne,0payfVXKkZl3xEO4uKqlT0
Ain'T Livin Right,Future,4sK0ArV994JZEWrMw5aUgV
"Come On, Let'S Go","Tyler, The Creator",5rqwuONfwOeJx4yutdzxJs
Wagon Wheel,Darius Rucker,2XgGdD5d2MW4RNx8KnIjVh
Middle Of Somewhere,Luke Combs,2QqHAiFdDZKFJkr1xCV9dG
Sour Candy,Lady Gaga,56kudbKiRjWCwiAS3FRHCL
Everything She Ain’T,Hailey Whitters,5p8g4KXYJCUBHAa7QOVFLY
Azul,J Balvin,3shwwjqqfOs4HqHIivQQK6
Avalanche,Bring Me The Horizon,2Mw7cLQMNoexIOTKHDFXeq
All I Want For Christmas Is You,Michael Bublé,6g9Mf1JJ9GA3x9FpZAPP6s
Soy El Unico,Yahritza Y Su Esencia,2WkaGzQC7GhIVJLiKJcxSJ
Text Me Merry Christmas,Straight No Chaser,0R0sh2e0MMDiO0W8PO6QR5
See You Again,"Tyler, The Creator",3pRURfm0THUY3G4YBOLtrC
Black Swan,Bts,5smmjzMNkj4YSacTBH6taZ
Icey,Young Thug,6755DFiZ7CWe2WMdTGW5C1
Into You,Ariana Grande,1yjY7rpaAQvKwpdUliHx0d
Flux Capacitor,Jay Electronica,1AB8dZiAJBRsLdQZA9v3ic
Almost Slipped,Meek Mill,7p5jF2V114JYECqLIVwzaD
Funeral,Lil Wayne,7hzHUFHN8HdlgcYwwUp5y2
Anyone,Demi Lovato,3pQfEQCmza93mgq5XXiAAO
Keep Lookin’ Up,Kacey Musgraves,3cHE6wRhtaV6O7lp4BRnA4
Crushed Up,Future,4R2MJuLK1X64RqqQyQTSOt
From The Inside,Linkin Park,3PcIyN4w8oNpcPFv4dNeVy
Missed You  Bonus Track,The Weeknd,7h8fuJRutcjrpTa2xOi49q
We Both Know,Bryson Tiller,3yVwgNmwiHVET2AAYP9xTK
Bloody Valentine,Machine Gun Kelly,0JX0AJ8kncF5iv8C42J1OU
London,Bia,0uOajjUkiA7NlJ8Xt5FFaV
How To Disappear,Lana Del Rey,2ek0NaoFFgdpKjs7beIuTE
Justified,Kacey Musgraves,4CLPNURPcKztF9RRdcWLGP
Somewhere On A Beach,Dierks Bentley,3dSEOiAMu9tQeOHOC4Ccmj
Gold Dust,Galantis,2Da5ZQRk0BYuB0GRyrfIR1
Open Safe,Lil Wayne,4cQ9Kl39P72AJ6ajTRmo0T
Bailando  Spanish Version,Enrique Iglesias,5Z9UbYWJR3dPGyxnGXRTS1
Show Out,Kid Cudi,7qHNSOvoAZc7SdeJClZJbq
182  Kings Of The Weekend,Blink,0mrpC8W7QexL1SyNHjZY9n
Trouble,Iggy Azalea,3Quvv8las1GLyLuBDBETvV
Someone Like U  Interlude,Ariana Grande,55BiXEd58TxhBPGJ5tImyJ
Truffle Butter,Nicki Minaj,6qwVQ7XmnH9zwmnkGvCCmJ
Lucky You,Eminem,03ltmmmQWf8FCAIzAARqYa
"Take Me Home, Country Roads",John Denver,154t1fkfSU7zyJojSN6gvR
Forgiveless,Sza,4h8O1CAMVm4H7WBXxosrhG
Till Forever Falls Apart,Ashe,7rbSBrkAiavQeejZLhOdbz
Change,J. Cole,68Dni7IE4VyPkTOH9mRWHr
I Put A Spell On You,Screamin' Jay Hawkins,35jA3Ts76HMRY4ZOIdy2Wn
No Mediocre,T.I.,2l35xXcqTFGAy3Oxaw6xo3
0 To 100 / The Catch Up,Drake,7zsfOwu5RM8ezFUC1DEl2W
Framed,Eminem,2bZ0yBAJQdNkiyAWBog7bx
I10 Baby,Youngboy Never Broke Again,6xL9MJ2yt39HPPZPyGkRy8
Letter 2 My Momma,21 Savage,0WMBOtNqkWH6FUiXDNJ7kK
4 Phones,Rich The Kid,7weyB4Zuj9QDwQrFbveSpG
Love Runs Out,Martin Garrix,4duj008kjsbx3PmSQBxhhX
Big Rings,Drake,5U6O3rB6R3LrA5fC0EKodc
Everybody (Backstreet'S Back),Backstreet Boys,2PiJWbeDHT33QY0uYDrL83
Obey,Bring Me The Horizon,04wQihmsNybAPlIEcTZDXe
Cigarette,Lil Uzi Vert,3BYIzNZ3t9lRQCACXSMLrT
666 Ʇ,Bon Iver,5GM5SJniYdUYdARvIneCsn
Chlorine,Twenty One Pilots,2Z8WuEywRWYTKe1NybPQEW
Desire  Gryffin Remix,Years & Years,4ZH03VC3uJk7uKk7CwsBqH
"Gone, Gone / Thank You","Tyler, The Creator",3o0Own0ATiygIwd7t4jsee
Delicate,Taylor Swift,1Fj0T1XKuhRu7EZzJ7NJIK
Lust,Lil Skies,4ZT9FnbFu1PaBfV3itxiqT
Look What God Gave Her,Thomas Rhett,6R2tngur6wyFVSmiyNogyN
Open Up,Daniel Caesar,4AwJSk491AvHk2AAJReGzZ
Most Girls,Hailee Steinfeld,6MH1oRsRfQc2ZCco3ic7Mx
Talk To Me Nice,Lil Yachty,5Ryu0SlsYjKh78RkJUONFr
Puffin On Zootiez,Future,4KgaAXBVWXKVpSA3kvGMjQ
Problem,Ariana Grande,3MZZOUmI3UwgWdMQXAmaY0
Sangria,Blake Shelton,3knS4WXNNRBd3zkx2v78cx
Nothing On You,Ed Sheeran,6IfwRFZzuB9ruVSXeLuy9j
Please Come Home For Christmas  Eagles 2013 Remaster,Eagles,2ktUQEb33l3zNzHQxkg6TN
The Thrill Of It All,Sam Smith,2jy1DjbM8PoEUu3fUqNugA
I Really Want To Stay At Your House,Rosa Walton,01Owbfp6aO6srBvUvG7gks
Dolla Sign Slime,Lil Nas X,1ZTPDTUveFs7I9tMCttmZs
Amor Genuino,Ozuna,1cQGvBrdkPa6rrEoaFOQjT
Eazy,The Game,5NDad2eRVKQug7eO2RikcU
Don'T Stop The Music,Rihanna,29C7Be2EngZnn7GSK3dDOW
Like Me,Future,7knEYd7b0UcbjgChHX7QBq
Ritual,Marshmello,3sOGVdj5VPY6C2XImtlzj7
In The Dark,Camila Cabello,1pbHy9VBpSyZh56xuujZz0
You Should Be Sad,Halsey,3XF5xLJHOQQRbWya6hBp7d
"Young, Wild & Free",Snoop Dogg,2g7uRZ68eLtv74XrxgdT2q
Apparently,J. Cole,3M04QVHGYaWLMwxHYqsFDl
The Feeling,Justin Bieber,2Jdx73jyYF4Bi4LD807PxP
Took His Time,Lil Wayne,0aTmOzR19mIqzd0FhDNPF4
Tom Sawyer,Rush,0bYa4EZpS2fu3OKNvh1RZ0
Count On Me (Intro),Nav,3ssnFwx5lu6qxhLBR0vutB
What You Never Knew,Ellie Nelson,6xisYTZris5R9mK07oZvMx
A$Ap Forever,A$Ap Rocky,0TfK37EQXM15a5SEbgw179
Potion,Calvin Harris,19jDsknaPAFuPRvLJgv6cm
The Light,Brockhampton,6jE81xV5ApxHFHYDaLADO6
Where You Belong,The Weeknd,73RjBLLbDghxwLiCUrgJdO
Come In With The Rain (Taylor’S Version),Taylor Swift,0KMZsxJalrqyJSWghlpPmb
Money Problems / Benz Truck,Bryson Tiller,4N1AhqovftqPUrScfoj01v
1 Scale,Young Dolph,67K5Ki1bLemeOlN012sip8
Bad Things,Machine Gun Kelly,6g7l7GZ5j4QkXepN4Ivk9b
Moral Of The Story,Ashe,5v6qYImm5k36GHlFxdEZyv
Dunno,Mac Miller,7kaIn88Hw1UA054Xy3mdJR
White Christmas (Duet With Shania Twain),Michael Bublé,3qcjMLT05VwLyZ8BNQgXZh
Me And My Broken Heart,Rixton,1nznVRW6mXDZNMwsRYFOU5
Screw Juice,Juice Wrld,2Pvcf9XeLCmpwsBFTJsgJ1
Sober,Childish Gambino,0zo4aX57COch7Wh3NRImTM
Slide Away,Miley Cyrus,1AvavliFQoc2l0ZCCWa5VG
Santa Claus Is Coming To Town,The Jackson 5,0EOgfNSiqVwcuGJGZHSJIr
Pull Up N Wreck (& Metro Boomin),Big Sean,0k28Xu6Q3RhKVVaJQJMlYu
Outlet,Desiigner,1N4kT5sgp2AE5smdqtaIU3
Wolves,Big Sean,1bzM1cd6oqFozdr4wK6HdR
Face 2 Face,Juice Wrld,4TOIJR7F0dH2k32a70YS8F
Wait For It,Usher,2CcstVa4AIry0N18o0kChA
Looking For A Star,Xxxtentacion,2KnwHtrH15SI6aITxh7KnS
Calling All The Monsters,China Anne Mcclain,0JcqauCFwLK8qC3VxDeMA0
Hark! The Herald Angels Sing/It Came Upon A Midnight Clear  Remastered,Bing Crosby,3WneO6zhskTAI00NpB11Nf
Follow God,Kanye West,0HUrGfuSzPHEdFpjqrqBRa
Stupid,Ashnikko,11ZulcYY4lowvcQm4oe3VJ
I Wonder,Kanye West,19Sf2YrUN9ohsdBk8BWJTF
Dear Today,Luke Combs,0d8jfLzUUAJaMO6kQ9ojM7
Dear Sense,Louis The Child,1OeEpViPwVi1FfdNkOoIci
Supermarket Flowers,Ed Sheeran,3kxk3gbXgAmZTFhmLDwg3j
Beer Don’T,Morgan Wallen,2knMiXaeKybZGQtWUd8TJB
Heather,Conan Gray,5UXJzLFdBn6u9FJTCnoHrH
Desperado  Eagles 2013 Remaster,Eagles,7CtHtpkGwE4JAhg7wsmAit
September,"Earth, Wind & Fire",3wpLkju0bJy89kjgdRys0j
Lose My Mind,Brett Eldredge,3un2KQUaQ2brEpd8dK93wI
Wedding,Mac Miller,13vx6Zhvz7A8gDNquI56FE
What The Price,Migos,0M9ydKzuF3oZTfYYPfaGX1
Nobody Cares,Léon,3dJj6o9o1fRgrojWjailuz
Bad To You,Ariana Grande,6MO8BzI8CiD3sPy9Bd59v5
182  Los Angeles,Blink,0GUCG3rXFQXFBwl3hExO2p
Stay,Kygo,4FmyK52B9ngDrZlsyLcMrO
I'M Still Here,Sia,6BfOhpHADzrvKN2kMPTMPv
The Blinding Feat. Travis Scott,Jay Electronica,3uertkdKKnKntI2kK0fDqg
More Than That,Lauren Jauregui,51Zj2XVzg69qw6F4AS58x6
When You'Re Ready,Shawn Mendes,7MkkZ2luXmVSBz7vM9MIvR
Shake It,Kay Flock,4rzzZPf4UwkxILgrFCTNpc
Huncho Dreams,Quavo,4RgoqOBE34Q6zZj8K7RUAx
Burning,Maggie Rogers,4HfLQJtVT1KiX1eVedDyTm
Too Deep,Kehlani,5zPaLPbKwa7cg5P2ESV0dp
Money In The Way,2 Chainz,3lrY1uJGJK9qe2XdVkKNJD
War,King Von,7fEoXCZTZFosUFvFQg1BmW
I Need It,A Boogie Wit Da Hoodie,2Zni6EjR414wjp18Pj0VKt
Get Outta My Head (Ft. Xxxtentacion),Lil Wayne,1ogNrAa6vGlXNuiQ7UhT4C
Feelin' Peachy,Kodak Black,36kpqB58WToBTjEuyoPXwX
Too Hotty,Quality Control,3EBhxCNyAxQGCQfPG2bdq0
The Man Who Sold The World  1999 Remastered Version,David Bowie,4ZHRjk3TZeUOG6Ri6sN27u
Hope  Pandora'S Box,J,6hB8cRpNQzIj7k6MCYh89H
Winter Wonderland,Bing Crosby,3gCSV9wQC3PYWJZCLbadVQ
If You Leave Me Now,Charlie Puth,0YCqrDZxu92UqtkqCLLFvl
Buckhead,$Uicideboy$,0kEZlJh4mK1QRfb3CT5LPk
American Dream,Mkto,2j8MsmmNqmc6UBEA54KOlY
White Christmas,Amy Grant,24lCPIiEWKg9K7k1Gh1h8q
Sunshine,Flight Facilities,6zx3Fh4ycldi5XZHukp2jT
'Til You Can'T,Cody Johnson,6aZVQQUl17WqobPx0UZKxo
My Enemy,Chvrches,5X3T8jHNIJSXviiDmiBdz0
Miss You,James Hersey,5K4PXAOKYvM87xdzbpUQSG
Just Happened,Nav,1Eu8jlv9vLQnMZHTjKIeGw
Marie  Our Song,Anne,0fEZVh9XZAYtfgw6DeAGXx
Who Want The Smoke?,Lil Yachty,3cou2znTV9n60FALU7NFiD
If I'M Lucky,Jason Derulo,4S5y4lRHD1xK6wMvz1dC5d
