title,artist
Talking To The Moon,Bruno Mars
It Just Doesn’T Matter,Mac Miller
Mop,Gunna
King Vamp,Playboi Carti
Need Me,J.I The Prince Of N.Y
Tragic,The Kid Laroi
The World'S First Ever Monster Truck Front Flip,Arctic Monkeys
Years Go By,Bryson Tiller
Out My Way,Juice Wrld
I'M Tired,Labrinth
Betty,Taylor Swift
Don'T Do Me Like That,Tom Petty And The Heartbreakers
Be My Mistake,The 1975
Wait (Featuring Offset & Vory),Chantel Jeffries
Boomtrap Protocol,Logic
By Your Side,Jonas Blue
30 Hours,Kanye West
Blame,Bastille
Social Distancing,Lil Baby
Jerry Sprunger,Tory Lanez
Believe,Eminem
Inside,Logic
Testify,Future
My Hair,Ariana Grande
Conqueror,Empire Cast
T R A N S P A R E N T S O U L Feat. Travis Barker,Willow
Lo/Hi,The Black Keys
Solo De Mi,Bad Bunny
Walk Me Home,Said The Sky
Memories,Maroon 5
Stuck With Me,Timeflies
You Just Want My Money,Jason French
So What,Bts
Christmas Eve,Justin Bieber
Cornelia Street,Taylor Swift
Guatemala,Rae Sremmurd
Father Stretch My Hands Pt. 1,Kanye West
She Don'T Love Me,Zayn
Into It,Camila Cabello
Slide Around,Chance The Rapper
Another Love,Tom Odell
Hopeless Opus,Imagine Dragons
Forever,Haim
Jobs,City Girls
On Me,Thomas Rhett
Reckless Intro,Nav
I Bet You Think About Me,Taylor Swift
Moonwalking In Calabasas,Ddg
The Plan,Travis Scott
Gangsta'S Paradise,Coolio
Llc,Nicki Minaj
Want Some More,Nicki Minaj
Soulmate,Lizzo
Thought It Was,Iann Dior
182  Teenage Satellites,Blink
You Can Call Me Al,Paul Simon
Christmas Time Is Here,Brett Eldredge
Me And Your Mama,Childish Gambino
Make Em Say,Nle Choppa
Drugs,August Alsina
Never Change,Nav
A.M. Radio,The Lumineers
Ride Out,Kid Ink
Realize,2 Chainz
The Greatest,Lana Del Rey
Buy Me A Boat,Chris Janson
Intoxicated,Martin Solveig
Beasty,A Boogie Wit Da Hoodie
Shockwave,Marshmello
Ghost Town,Adam Lambert
Paper Planes,M.I.A.
Foldin Clothes,J. Cole
Put Your Records On,Ritt Momney
Sun Daze,Florida Georgia Line
I Don’T Wanna Break Up,Future
Young God,Halsey
Homecoming Queen?,Kelsea Ballerini
The City,Louis The Child
Christmas Is Coming,Vince Guaraldi Trio
Amazing Grace,Dababy
I'M Scared,Young Thug
Me Too,Meghan Trainor
Not For Long,B.O.B
Ace Of Spades,Motörhead
Ship To Wreck,Florence + The Machine
Knock Knock,Sofaygo
Long Gone,Juice Wrld
More Than My Hometown,Morgan Wallen
Christmas Time Is Here  Vocal  Album Version,Vince Guaraldi Trio
Kid That Kidd,Trippie Redd
Egirls Are Ruining My Life!,Corpse
Say Na,Moneybagg Yo
Suicide,Polo G
A Letter To My Younger Self Feat. Logic,Quinn Xcii
Nobody'S Love,Maroon 5
Rgf Island,Fetty Wap
T'D Up,Rae Sremmurd
No Es Justo,J Balvin
See You Space Cowboy...,Logic
5 Foot 9,Tyler Hubbard
Once In A Lifetime,Flo Rida
Can'T Be Broken,Lil Wayne
Privileged Rappers,Drake
Scholarships,Drake
In Your Eyes,The Weeknd
Problematic,Bo Burnham
Rackz Got Më,Yeat
Thunder,Imagine Dragons
Daddy Lessons,Beyoncé
Bad Liar,Selena Gomez
Have Some Love,Childish Gambino
Maroon,Taylor Swift
Plastic Off The Sofa,Beyoncé
Difference (Interlude),Xxxtentacion
Banana Split,Murda Beatz
Carry Me,Kygo
Slide,French Montana
Grieving,Kehlani
Mickey,Lil Yachty
Hollywood,Gorillaz
Moving On And Getting Over,John Mayer
The Gambler,Kenny Rogers
Celebration,Logic
Intro: Serendipity,Bts
Runaway (U & I),Galantis
Blow Your Mind (Mwah),Dua Lipa
Cairo,Karol G
Deep Pockets,Drake
Time Kills (Love Birds),Rod Wave
Boss,The Carters
Antidote,Travis Scott
I Bet,Ciara
Bang!,Ajr
Don'T Stop Me Now  Remastered,Queen
All Eyez,The Game
Ghost Town,Kanye West
Started From,Lil Durk
A2Z,Logic
8Teen,Khalid
Wellerman,The Longest Johns
Spit In My Face!,Thxsomch
Top Sound,Youngboy Never Broke Again
Brown Skin Girl,Beyoncé
Learn To Fly,Surfaces
Moon Rock,Huncho Jack
You'Ll Understand When You'Re Older,Lovejoy
Servin Killa Kam,Future
Karate,Wiz Khalifa
Undefeated,Future
Bad Boy,Juice Wrld
The Heart Part 4,Kendrick Lamar
Breathe,Lil Skies
Most Of Us,Wiz Khalifa
Idols Become Rivals,Rick Ross
Have Mercy,Chlöe
Don'T Wanna Know,Bo Burnham
Before The Day Is Over,Joji
Eazy  Running Wild (Tumblr Girls 2),G
Supermodel,Sza
Timeless Interlude,Bryson Tiller
By Design,Kid Cudi
Inspire Me,Big Sean
Save That Shit,Lil Peep
The Good Ones,Gabby Barrett
Arcoíris,J Balvin
Switches & Dracs,Moneybagg Yo
Heat,Eminem
Arms Around You,Xxxtentacion
Way Out,Jack Harlow
Offended,Eminem
Coney Island,Taylor Swift
Luv,Tory Lanez
Tony Tone,A$Ap Rocky
Flatliner,Cole Swindell
Love You Goodbye,One Direction
Space Time,Trippie Redd
734,Juice Wrld
"Signed, Sealed, Delivered (I'M Yours)",Stevie Wonder
Frosty The Snowman,Bing Crosby
Younger Now,Miley Cyrus
I'Ll Be Home For Christmas  Single Version,Bing Crosby
My Number,Major Lazer
Jump,Dababy
Boyz,Jesy Nelson
Work It,Missy Elliott
Hotel,Montell Fish
No Sense,Young Dolph
Faster,Lil Tecca
Pretty Little Fears,6Lack
Riot,Lil Skies
Jumped Out The Window,Young Thug
Really Love,D'Angelo
Leray,Trippie Redd
If You Know You Know,Pusha T
Not Above Love,Alunageorge
Warning,Morgan Wallen
Transportin',Kodak Black
Perfume,Lovejoy
Chandelier,Sia
Kick It,Lil Nas X
Hurt Feelings,Mac Miller
Stargirl Interlude,The Weeknd
Mother I Sober,Kendrick Lamar
Taki Taki,Dj Snake
Born Again,Rihanna
Nobody Else But You,Trey Songz
Trademark Usa,Baby Keem
Super Freak,Rick James
Hear Me Calling,Juice Wrld
Halloween Theme  Main Title,John Carpenter
Miss Americana & The Heartbreak Prince,Taylor Swift
Night'S On Fire,David Nail
Die In California,Machine Gun Kelly
Face To Face,Rex Orange County
Rags2Riches,Rod Wave
Dummy,6Ix9Ine
Flex,Lil Yachty
Everything That'S Missing,Big Sean
Who You Love,John Mayer
7 Minutes,Dean Lewis
Stop The Rain,Ed Sheeran
The Right Song,Tiësto
It Was A Good Day,Ice Cube
Fearless (Taylor’S Version),Taylor Swift
Hey Angel,One Direction
Told You So,Paramore
Stop Playin With Me,Lil Wayne
Flux,Ellie Goulding
Bop,Tyga
Cry Baby,The Neighbourhood
Suited Panamera,Youngboy Never Broke Again
Fml,Kanye West
Heaven In Hiding,Halsey
Thought Contagion,Muse
Fuck Donald Trump,Nipsey Hussle
Hold That Heat,Southside
Hasta La Muerte,Eslabon Armado
Aint Goin Back,Russ
Do Re Mi,Blackbear
What Do You Love,Seeb
Stayin' Alive  2007 Remastered Version Saturday Night Fever,Bee Gees
Keep The Family Close,Drake
The Half,Dj Snake
Goldmine Junkie,Big Grams
Golden,Travie Mccoy
Like I Can,Sam Smith
Put On A Smile,Bruno Mars
Joy To The World  1999 Remastered,Nat King Cole
Ransom,Lil Tecca
Benz Truck  Гелик,Lil Peep
You Broke Up With Me,Walker Hayes
Blahblahblah Demo,Joji
Fireball,Pitbull
Ayo,Lady Gaga
Tunnel Vision (Outro),Pop Smoke
Bells In Santa Fe,Halsey
Like A Wrecking Ball,Eric Church
The Greatest,Rod Wave
Sleep Deprived,Dreamville
Want To Want Me,Jason Derulo
Pray 4 Love,Travis Scott
Thru These Tears,Lany
Hot In Herre,Nelly
Starman  2012 Remastered Version,David Bowie
Quarantine Clean,Turbo
Genius  Lil Wayne Remix,Sia
Bad Business,21 Savage
Throw It Away,Trippie Redd
Race My Mind,Drake
Yessirskiii,Lil Uzi Vert
Okra,"Tyler, The Creator"
Dunno  Recorded At Spotify Studios Nyc,Mac Miller
Crisis,Rich Brian
Sneakin’,Drake
Esskeetit,Lil Pump
Faith,Calvin Harris
Serendipity (Full Length Edition),Bts
Only Angel,Harry Styles
What Christmas Means To Me,Hanson
Whole Lotta Choppas,Sada Baby
Shot In The Dark,John Mayer
Poltergeist!,Corpse
Jump Out The Window,Big Sean
The Dying Song (Time To Sing),Slipknot
I Can'T Breathe,H.E.R.
Don'T Leave Me,The Kid Laroi
Jump,Julia Michaels
Girl Of My Dreams,Juice Wrld
Champagne Face,$Uicideboy$
Fuck Tha Police,N.W.A.
Jumpsuit,Twenty One Pilots
Split/Whole Time,Lil Yachty
Skit,Bts
Goodbye Angels,Red Hot Chili Peppers
Jet Pack Blues,Fall Out Boy
Slow Down Summer,Thomas Rhett
Borderline,Tame Impala
Pop Out,Lil Baby
Lost Cause,Billie Eilish
Touch The Sky,Future
Freedom! '90,George Michael
Calling All My Lovelies,Bruno Mars
Chicago Freestyle,Drake
Pardon Me (Lil Yachty Feat. Future & Mike Will Madeit),Lil Yachty
Test Drive,Joji
Ricky,Denzel Curry
Hometown Girl,Josh Turner
Mr Loverman,Ricky Montgomery
Not Nice,Megan Thee Stallion
Left And Right (Feat. Jung Kook Of Bts),Charlie Puth
Sorry Not Sorry,Dj Khaled
All Star,Lil Tecca
Let'S Start The New Year Off Right,Bing Crosby
Pop Star,Dababy
Come First,Terror Jr
Wild At Heart,Lana Del Rey
Good Day,Yellow Claw
The Trade,Tory Lanez
Something Bout Me,Key Glock
You Could Be,R3Hab
Wings,Mac Miller
Dancing With Our Hands Tied,Taylor Swift
Bandido,Anuel Aa
Ave Maria,Michael Bublé
Otro Trago  Remix,Sech
Robbery,Juice Wrld
Mamiii,Becky G
All Around Me,Justin Bieber
Get Out,Chvrches
American Kids,Kenny Chesney
Light Switch,Charlie Puth
Here For You,Kygo
Volando  Remix,Mora
Dip,Tyga
Girl At Home (Taylor'S Version),Taylor Swift
"Have Yourself A Merry Little Christmas  ""Meet Me In St. Louis"" Original Cast Recording",Judy Garland
Hide,Juice Wrld
Love Is So Sweet,Missing Seoul
Palace,A$Ap Rocky
Light It Up,Major Lazer
Hymn For The Weekend,Coldplay
No Heart,21 Savage
Uno,Ambjaay
Blame It On Me,Post Malone
Untitled 02 | 06.23.2014.,Kendrick Lamar
10 Things I Hate About You,Leah Kate
Surround Sound,Jid
Nevada,Youngboy Never Broke Again
Sleigh Ride,The Ronettes
O Holy Night,Mariah Carey
Night Changes,One Direction
Kilby Girl,The Backseat Lovers
The Ways,Khalid
Face Off,Tech N9Ne
Hand Me Downs,Mac Miller
Goodbye,Billie Eilish
$$$  With Matt Ox,Xxxtentacion
Element.,Kendrick Lamar
Steam,Leon Bridges
Im Gonna Be,Post Malone
Halley'S Comet,Billie Eilish
Bandito,Twenty One Pilots
Que Tire Pa Lante,Daddy Yankee
Better When You'Re Gone,David Guetta
Space Ghost Coast To Coast,Glass Animals
Red Water,Earl Sweatshirt
Club Paradise,Drake
A Life Of Pain,Baby Keem
Trust Issues,Drake
I Know You,Lil Skies
Ghost In The Machine,Sza
Up The Smoke,Stunna 4 Vegas
"I Am Not A Woman, I'M A God",Halsey
I Got You,Bebe Rexha
Anyway,Lil Baby
Death Of A Bachelor,Panic! At The Disco
Please Don'T Go,Joel Adams
Available,Justin Bieber
Runnin,21 Savage
The Louvre,Lorde
Not At All,Donyay
Fire Squad,J. Cole
Like I Would,Zayn
Break My Soul,Beyoncé
Crawling,Linkin Park
Workin Me,Quavo
Forgiven,2 Chainz
Do You Mind,Dj Khaled
Same Thing,Lil Baby
182  No Future,Blink
Life On Mars?  1999 Remastered Version,David Bowie
All I Know,The Weeknd
Oh Caroline,The 1975
Straight To It,King Von
M Y . L I F E,J. Cole
Nostalgic,A R I Z O N A
I Of The Storm,Of Monsters And Men
Out The Hood,Gunna
Get Into It (Yuh),Doja Cat
Love Me Now,John Legend
From The Ground Up,Dan + Shay
Somewhere Only We Know,Lily Allen
Somebody That I Used To Know,Gotye
Realist In It,Lil Baby
The Grinch,Trippie Redd
Sweet But Psycho,Ava Max
High And Low,Empire Of The Sun
Can’T Punk Me,Jid
Maybe It'S Time,Bradley Cooper
Blackbird Chain,Beck
Tv,Billie Eilish
Follow You,Imagine Dragons
Your Bartender,Morgan Wallen
Spoil My Night,Post Malone
Life Of Mr. Carter,Lil Wayne
Summerthing!,Afrojack
Stay,Mac Miller
Never Been In Love,Cobra Starship
Stay Down,Lil Durk
Naeem,Bon Iver
Dance Off,Macklemore & Ryan Lewis
Blessed & Free,Kane Brown
Late Night Messages,Wiz Khalifa
Always Gonna Love You,Florida Georgia Line
Attention!,Xxxtentacion
Marie  Alarm,Anne
Broke Boys,Drake
Wifi Lit,Future
Oh Yeah,Young Thug
Can I Kick It,Logic
Duck Duck Goose,Joyner Lucas
Suge,Dababy
Signing Off,Trippie Redd
Diamond Teeth Samurai,Youngboy Never Broke Again
Entropy,Grimes
May I Have This Dance (Remix),Francis And The Lights
Jesus Is Lord,Kanye West
For Youth,Bts
Fall Threw,Rich The Kid
Summer,Calvin Harris
Single Again,Big Sean
Kobe Bryant,Lil Wayne
Mr. Morale,Kendrick Lamar
Runnin' Down A Dream,Tom Petty
Umbrella,Rihanna
The Man With The Bag,Kay Starr
Waiting For Never,Post Malone
Piss On Your Grave,Travis Scott
Hope  Music Box : Reflection,J
Terrence Loves You,Lana Del Rey
Low Lights,Kanye West
Freaky Girls,Megan Thee Stallion
Meet Mr. Niceguy,$Uicideboy$
Used 2,Lil Wayne
Silent Night,Joshua Hyslop
1Am,Meek Mill
Complicated,Dimitri Vegas & Like Mike
Track 6,Ty Dolla $Ign
Keep It Up,Rex Orange County
Jingle Bell Rock (Glee Cast Version),Glee Cast
Fuxk,Xxxtentacion
Dior,Pop Smoke
Nothing Compares  Bonus Track,The Weeknd
Views,Drake
About The Money,T.I.
Trampoline,Shaed
Corazón,Maluma
Sainttropez,Post Malone
Original Me,Yungblud
Ballin,A Boogie Wit Da Hoodie
Tu Sabes Que Te Quiero,Chucho Flash
Weather The Storm,Dj Khaled
How,Lil Baby
Not Allowed,Tv Girl
Okay,Lil Baby
Gatúbela,Karol G
Hold Me Down,Youngboy Never Broke Again
Eastside,Benny Blanco
Burberry Faygo,Lil Adrei
Weed Farm,Wiz Khalifa
Emani Interlude,Trippie Redd
Sunset,Prxxy
Silent Night,Mariah Carey
Lay Wit Ya,Isaiah Rashad
Stand Up,Meek Mill
Dead Right Now,Lil Nas X
Too Much To Ask,Niall Horan
Powder Blue,Ty Dolla $Ign
I Know What You Did Last Summer,Shawn Mendes
I Still Have Faith In You,Abba
No Flag,London On Da Track
Enemy,Imagine Dragons
In The Arms Of A Stranger  Grey Remix,Mike Posner
In My Room,Frank Ocean
Call Me,Nav
Wildest Dreams,Taylor Swift
Turn Off The Radio,A Boogie Wit Da Hoodie
Move On,Mike Posner
One Man Band,Old Dominion
Glad You Exist,Dan + Shay
What'S The Use?,Mac Miller
Big Bad Wolf,Kontra K
Lonely Together,Avicii
Wanted,Hunter Hayes
This Feeling,The Chainsmokers
With Me,Nav
Illuminatro,Logic
All Herb,Isaiah Rashad
Most People Are Good,Luke Bryan
Facetime With My Mom (Tonight),Bo Burnham
Sideways,Illenium
Don'T Touch My Hair,Solange
This City,Sam Fischer
Headband,B.O.B
Suga'S Interlude,Halsey
We'Re Good,Dua Lipa
Scars,Sam Smith
Crank That (Soulja Boy),Soulja Boy
Royal Highness,Wiz Khalifa
Out Thë Way,Yeat
Just The Way You Are,Bruno Mars
Clumsy,Britney Spears
G.O.M.D.  Live,J. Cole
Wish Feat. Kiddo Marv,Denzel Curry
Qué Maldición,Banda Ms De Sergio Lizárraga
Someday At Christmas,Stevie Wonder
Multi Millionaire,Lil Pump
Cold Water,Major Lazer
Motiv8,J. Cole
134340,Bts
Love You For A Long Time,Maggie Rogers
Stay Gold,Bts
Hours In Silence,Drake
Rivals,Usher
I Think,"Tyler, The Creator"
Pharsyde,A$Ap Rocky
Kevin And Barracuda  Interlude,Machine Gun Kelly
Play No Games,Big Sean
Apple Of My Eye,Rick Ross
Lay Me Down,Sam Smith
A Lie,French Montana
My My My!,Troye Sivan
Good In Bed,Dua Lipa
Rockabye,Clean Bandit
Rich Minion,Yeat
Gaslighter,The Chicks
Goodmorningtokyo!,Tokyo’S Revenge
Hercules,Young Thug
Lost In Translation,Logic
182  Happy Days,Blink
I Believed It,Dvsn
Last Call,Logic
I Got A Shot,Jack Harlow
Pranks 4 Players,Mac Miller
Worth It,Rex Orange County
King Of My Heart,Taylor Swift
Let Me Hold You (Turn Me On),Dante Klein
Might Not,Belly
Racks Blue,Future
Amen,Logic
Can'T Stop,Red Hot Chili Peppers
Photo Copied,Future
Money Spent,Koe Wetzel
Just Be,Dj Khaled
Puppet,"Tyler, The Creator"
Ghost,Justin Bieber
Setting Fires,The Chainsmokers
Relación  Remix,Sech
My All,Polo G
Bam Bam,Camila Cabello
Pon De Replay,Rihanna
My Kinda Folk,Luke Combs
Filter,Bts
On The River,Young Dolph
Eazy  West Coast,G
Immortal,21 Savage
Lights Up,Harry Styles
B.B. King Freestyle,Lil Wayne
Are You With That?,Vince Staples
Barbie Tingz,Nicki Minaj
Float,6Lack
U & Us,Quinn Xcii
Shake It Out,Florence + The Machine
Wildest Dreams (Taylor'S Version),Taylor Swift
Ignition (Remix),R. Kelly
Hot Gates,Mumford & Sons
Eazy  The Plan,G
Bad Mood,Miley Cyrus
Rolling In The Deep,Adele
65Th & Ingleside,Chance The Rapper
N 2 Deep,Drake
Chocolaté,6Ix9Ine
Cc,Migos
Make You Say,Zedd
Silverado For Sale,Morgan Wallen
Drive,Incubus
Takeaway,The Chainsmokers
Auto Pilot,Migos
Pressure,Martin Garrix
Layers,Nf
Goddamn,Tyga
Jumbotron Shit Poppin,Drake
Jealous,Labrinth
Blank Face,Schoolboy Q
Money Team,Friyie
Tusa,Karol G
How Long?,Vampire Weekend
Christmas Time,The Platters
Kick Back,Kenshi Yonezu
Daffodils,Mark Ronson
Ville Mentality,J. Cole
Nobody Special,Hotboii
Ok 4 Now,Lil Skies
Clouds,Nf
Got Me,Dreamville
Low Life,Soleima
Not In The Mood,Lil Tjay
My House,Flo Rida
3 Headed Goat,Lil Durk
Thumbs,Sabrina Carpenter
Omertà,Drake
Vegas (From The Original Motion Picture Soundtrack Elvis),Doja Cat
Save Myself,Ed Sheeran
Line Of Sight,Odesza
Killer Whales,Smallpools
What About Us,P!Nk
Cherry Blossom,Kacey Musgraves
Pretty Mami,Lil Uzi Vert
Lost In Japan  Remix,Shawn Mendes
I'M Yours,Jason Mraz
Walk Me Home,P!Nk
Harder Than My Demons,Big Sean
Forget It,$Uicideboy$
Slippin',Dmx
Pneuma,Tool
All Night,Beyoncé
You Say,Lauren Daigle
Clueless,Polo G
Weekend,Mac Miller
Transgression,Kodak Black
Hands On,Kanye West
The Most,Miley Cyrus
True Love,Ariana Grande
Everyone,Mitski
Zoo York,Lil Tjay
Dis Generation,A Tribe Called Quest
Richard Millie Plain,Gunna
Cant Get In Kanada,Yg
Eazy  Still Be Friends,G
死ぬのがいいわ,Fujii Kaze
Dreams Unfold,Joyner Lucas
Modus,Joji
Wicked Games,The Weeknd
4 Am,2 Chainz
Love Her,Jonas Brothers
Once In A Lifetime,One Direction
Better Together,Jack Johnson
Reckless,Madison Beer
Wolves,Kanye West
Harambe,Young Thug
Genocidal Humanoidz,System Of A Down
Cattitude,Miley Cyrus
Home Ain'T Home,Youngboy Never Broke Again
Get Away,Chvrches
Into The Great Wide Open,Tom Petty And The Heartbreakers
When You'Re Gone,Shawn Mendes
Outer Space Bih,Future
Acting Like That,Yungblud
God Did,Dj Khaled
Change Locations,Drake
Burn The Witch,Radiohead
Texts Go Green,Drake
Now I'M In It,Haim
Need A Boat,Morgan Wallen
S.O.S.,Jonas Brothers
Saint Laurent Mask,Huncho Jack
Freaky Deaky,Tyga
Range Brothers,Baby Keem
Bling Blaww Burr,Gucci Mane
Santa Baby,Eartha Kitt
Arose,Eminem
Wolves,Selena Gomez
Ecstasy,Xxxtentacion
Fly To My Room,Bts
I Quit Drinking,Kelsea Ballerini
Grownup Christmas List,Jordan Smith
La Zona,Bad Bunny
Consideration,Rihanna
Danger Zone,Kenny Loggins
I'M Shipping Up To Boston,Dropkick Murphys
Fake Love,Drake
One Foot,Walk The Moon
Shock Da World,Rod Wave
Marie  Birthday,Anne
Silver Bells,Bing Crosby
Birthday,Disclosure
New N3On,Playboi Carti
The Flute Song,Russ
Solitaire,Gucci Mane
Never Sleep,Nav
What A Time,Julia Michaels
Wilshire,"Tyler, The Creator"
Close My Eyes,21 Savage
Holesh,Tohi
Higher,Clean Bandit
Gasoline,Haim
Percolator,Sza
Worst In Me,Julia Michaels
Write On Me,Fifth Harmony
Sorry Not Sorry,Demi Lovato
Bad Bitch From Tokyo (Intro),Pop Smoke
Keep Driving,Harry Styles
Linger,The Cranberries
Safety Net,Ariana Grande
Waka,6Ix9Ine
Try Me,Jason Derulo
Houstonfornication,Travis Scott
Kooda,6Ix9Ine
Freedom Of Speech,Dreamville
There'S No Way,Lauv
Duele El Corazon,Enrique Iglesias
Rockin' Around The Christmas Tree  Recorded At Spotify Studios Nyc,Miley Cyrus
Heroin,Lana Del Rey
Who Shot Cupid?,Juice Wrld
Can’T Imagine,Shawn Mendes
Sad!,Xxxtentacion
Alive,Sia
Thunder / Young Dumb & Broke,Imagine Dragons
Id  Ultra Music Festival Anthem,Kygo
Harder Better Faster Stronger,Daft Punk
City Of Stars,Ryan Gosling
Bodyache,Purity Ring
Trust,Brent Faiyaz
Andromeda,Gorillaz
Broken Halos,Chris Stapleton
Tiimmy Turner  Remix,Desiigner
Never Forget You,Zara Larsson
Strawberry Shortcake,Melanie Martinez
We All Want The Same Thing,Rixton
Leave Your Lover,Sam Smith
Breakdown,Tom Petty And The Heartbreakers
Kody Blu 31,Jid
Work Hard,Migos
Distraction,Kehlani
Mama/Show Love,Logic
Donaldtrumpmakesmewannasmokecrack,Ledinsky
Penny Lane  Remastered 2009,The Beatles
What Makes A Woman,Katy Perry
Good Old Days,Macklemore
January 28Th,J. Cole
Wassup,Logic
What'S Love Got To Do With It,Kygo
Boy Back,Young Thug
The Games We Play,Pusha T
Levitating,Dua Lipa
Relocate,Juice Wrld
Make Up,R. City
Flood My Wrist,A Boogie Wit Da Hoodie
"No Body, No Crime",Taylor Swift
Dtb 4 Life,A Boogie Wit Da Hoodie
Rodeo,Lil Nas X
Tonya,Brockhampton
Bad Chick,Somo
I Just Can'T,R3Hab
World'S Smallest Violin,Ajr
Ballin Flossin,Chance The Rapper
Bad Bitch,Bebe Rexha
Otro Trago,Sech
Jingle Bells,Dean Martin
Marni On Me,Future
Coming Over,Dillon Francis
No Scrubs,Tlc
Flossin (Bonus),Youngboy Never Broke Again
Bootsy Bellows,Wiz Khalifa
I Could Be The One (Avicii Vs. Nicky Romero)  Nicktim / Radio Edit,Avicii
I Wanna Be Romanticized,$Uicideboy$
Our Love,Nico & Vinz
Die Alone,Gunna
I Say A Little Prayer,Aretha Franklin
Sinner'S Prayer,Lady Gaga
Plain Jane Remix,A$Ap Ferg
Camera Roll,Kacey Musgraves
Set It Off,Bryson Tiller
Con Altura,Rosalía
The Lazy Song,Bruno Mars
Call It What You Want,Taylor Swift
Big Bidness (& Metro Boomin),Big Sean
"Baby, I'M Jealous",Bebe Rexha
Over Now,Calvin Harris
Ugh!,Bts
Got It,Marian Hill
Que Calor,Major Lazer
Cry For Me,Camila Cabello
Global,Lil Baby
Humility,Gorillaz
Genius,Sia
Cut To The Feeling,Carly Rae Jepsen
My Boo  Hitman'S Club Mix,Ghost Town Djs
Love Galore,Sza
Eazy  Provide,G
A.L.L.T.Y. 3,Trippie Redd
God Breathed,Kanye West
Sunset,Pixelbobby
This Summer,Maroon 5
The Coldest Playboy,Tory Lanez
Stitches,Shawn Mendes
Throat Baby (Go Baby),Brs Kash
I'Ll Be Fine,Juice Wrld
No Smoke,Youngboy Never Broke Again
Laser Lights,Rex Orange County
Tootimetootimetootime,The 1975
Ball W/O You,21 Savage
Closed On Sunday,Kanye West
The Matrimony,Wale
A Milli,Lil Wayne
Thique,Beyoncé
Gotti,6Ix9Ine
High Infidelity,Taylor Swift
Anything That'S Rock 'N' Roll,Tom Petty And The Heartbreakers
Whatchamacallit,Ella Mai
The Hanging Tree,James Newton Howard
I Want It,Juice Wrld
Magic,Thomas Gold
Blue Tacoma,Russell Dickerson
Get Up 10,Cardi B
Many Men,21 Savage
Lil Bit,K Camp
Lost,Frank Ocean
It'S The Most Wonderful Time Of The Year,Pentatonix
Jesus Lord,Kanye West
Cherry,Harry Styles
World Is Yours,Rich The Kid
Te Acuerdas,Sech
Heaven Can Wait,Sia
34+35 Remix,Ariana Grande
Up All Night,Beck
Dominick The Donkey (The Italian Christmas Donkey) [With Joe Reisman'S Orchestra And Chorus],Lou Monte
Drama Club,Melanie Martinez
Pink Houses,John Mellencamp
Light My Body Up,David Guetta
Wavy,Ty Dolla $Ign
Chandelier,Will Paquin
Trap Trap Trap,Rick Ross
Wild Dogs,Lil Wayne
Ain'T Livin Right,Future
"Come On, Let'S Go","Tyler, The Creator"
Wagon Wheel,Darius Rucker
Middle Of Somewhere,Luke Combs
Sour Candy,Lady Gaga
Everything She Ain’T,Hailey Whitters
Azul,J Balvin
Avalanche,Bring Me The Horizon
All I Want For Christmas Is You,Michael Bublé
Soy El Unico,Yahritza Y Su Esencia
Text Me Merry Christmas,Straight No Chaser
See You Again,"Tyler, The Creator"
Black Swan,Bts
Icey,Young Thug
Into You,Ariana Grande
Flux Capacitor,Jay Electronica
Almost Slipped,Meek Mill
Funeral,Lil Wayne
Anyone,Demi Lovato
Keep Lookin’ Up,Kacey Musgraves
Crushed Up,Future
From The Inside,Linkin Park
Missed You  Bonus Track,The Weeknd
We Both Know,Bryson Tiller
Bloody Valentine,Machine Gun Kelly
London,Bia
How To Disappear,Lana Del Rey
Justified,Kacey Musgraves
Somewhere On A Beach,Dierks Bentley
Gold Dust,Galantis
Open Safe,Lil Wayne
Bailando  Spanish Version,Enrique Iglesias
Show Out,Kid Cudi
182  Kings Of The Weekend,Blink
Trouble,Iggy Azalea
Someone Like U  Interlude,Ariana Grande
Truffle Butter,Nicki Minaj
Lucky You,Eminem
"Take Me Home, Country Roads",John Denver
Forgiveless,Sza
Till Forever Falls Apart,Ashe
Change,J. Cole
I Put A Spell On You,Screamin' Jay Hawkins
No Mediocre,T.I.
0 To 100 / The Catch Up,Drake
Framed,Eminem
I10 Baby,Youngboy Never Broke Again
Letter 2 My Momma,21 Savage
4 Phones,Rich The Kid
Love Runs Out,Martin Garrix
Big Rings,Drake
Everybody (Backstreet'S Back),Backstreet Boys
Obey,Bring Me The Horizon
Cigarette,Lil Uzi Vert
666 Ʇ,Bon Iver
Chlorine,Twenty One Pilots
Desire  Gryffin Remix,Years & Years
"Gone, Gone / Thank You","Tyler, The Creator"
Delicate,Taylor Swift
Lust,Lil Skies
Look What God Gave Her,Thomas Rhett
Open Up,Daniel Caesar
Most Girls,Hailee Steinfeld
Talk To Me Nice,Lil Yachty
Puffin On Zootiez,Future
Problem,Ariana Grande
Sangria,Blake Shelton
Nothing On You,Ed Sheeran
Please Come Home For Christmas  Eagles 2013 Remaster,Eagles
The Thrill Of It All,Sam Smith
I Really Want To Stay At Your House,Rosa Walton
Dolla Sign Slime,Lil Nas X
Amor Genuino,Ozuna
Eazy,The Game
Don'T Stop The Music,Rihanna
Like Me,Future
Ritual,Marshmello
In The Dark,Camila Cabello
You Should Be Sad,Halsey
"Young, Wild & Free",Snoop Dogg
Apparently,J. Cole
The Feeling,Justin Bieber
Took His Time,Lil Wayne
Tom Sawyer,Rush
Count On Me (Intro),Nav
What You Never Knew,Ellie Nelson
A$Ap Forever,A$Ap Rocky
Potion,Calvin Harris
The Light,Brockhampton
Where You Belong,The Weeknd
Come In With The Rain (Taylor’S Version),Taylor Swift
Money Problems / Benz Truck,Bryson Tiller
1 Scale,Young Dolph
Bad Things,Machine Gun Kelly
Moral Of The Story,Ashe
Dunno,Mac Miller
White Christmas (Duet With Shania Twain),Michael Bublé
Me And My Broken Heart,Rixton
Screw Juice,Juice Wrld
Sober,Childish Gambino
Slide Away,Miley Cyrus
Santa Claus Is Coming To Town,The Jackson 5
Pull Up N Wreck (& Metro Boomin),Big Sean
Outlet,Desiigner
Wolves,Big Sean
Face 2 Face,Juice Wrld
Wait For It,Usher
Looking For A Star,Xxxtentacion
Calling All The Monsters,China Anne Mcclain
Hark! The Herald Angels Sing/It Came Upon A Midnight Clear  Remastered,Bing Crosby
Follow God,Kanye West
Stupid,Ashnikko
I Wonder,Kanye West
Dear Today,Luke Combs
Dear Sense,Louis The Child
Supermarket Flowers,Ed Sheeran
Beer Don’T,Morgan Wallen
Heather,Conan Gray
Desperado  Eagles 2013 Remaster,Eagles
September,"Earth, Wind & Fire"
Lose My Mind,Brett Eldredge
Wedding,Mac Miller
What The Price,Migos
Nobody Cares,Léon
Bad To You,Ariana Grande
182  Los Angeles,Blink
Stay,Kygo
I'M Still Here,Sia
The Blinding Feat. Travis Scott,Jay Electronica
More Than That,Lauren Jauregui
When You'Re Ready,Shawn Mendes
Shake It,Kay Flock
Huncho Dreams,Quavo
Burning,Maggie Rogers
Too Deep,Kehlani
Money In The Way,2 Chainz
War,King Von
I Need It,A Boogie Wit Da Hoodie
Get Outta My Head (Ft. Xxxtentacion),Lil Wayne
Feelin' Peachy,Kodak Black
Too Hotty,Quality Control
The Man Who Sold The World  1999 Remastered Version,David Bowie
Hope  Pandora'S Box,J
Winter Wonderland,Bing Crosby
If You Leave Me Now,Charlie Puth
Buckhead,$Uicideboy$
American Dream,Mkto
White Christmas,Amy Grant
Sunshine,Flight Facilities
'Til You Can'T,Cody Johnson
My Enemy,Chvrches
Miss You,James Hersey
Just Happened,Nav
Marie  Our Song,Anne
Who Want The Smoke?,Lil Yachty
If I'M Lucky,Jason Derulo
